Instance,Original clu. VIG,Original clu. LIG,Original mod. VIG,Original mod. LIG,Original mod. VCG,Original mod. LCG,Allo-GWAE2SAT clu. VIG,Allo-GWAE2SAT clu. LIG,Allo-GWAE2SAT mod. VIG,Allo-GWAE2SAT mod. LIG,Allo-GWAE2SAT mod. VCG,Allo-GWAE2SAT mod. LCG,Auto-GWAE2SAT clu. VIG,Auto-GWAE2SAT clu. LIG,Auto-GWAE2SAT mod. VIG,Auto-GWAE2SAT mod. LIG,Auto-GWAE2SAT mod. VCG,Auto-GWAE2SAT mod. LCG
unsat_tiling_20_102_21063.cnf,0.6768434343434344,0.6768434343434344,0.24047703809184764,0.5780526877892488,0.5209462691326531,0.5550986345995295,"(0.07687693, 0.23334773)","(0.046543222, 0.14229682)","(0.77852523, 0.26151052)","(0.7939359, 0.21369596)","(0.9356414, 0.18702479)","(0.90995264, 0.17079575)","(0.08068502, 0.22563384)","(0.050654948, 0.14539443)","(0.8164401, 0.25891444)","(0.8291588, 0.21896239)","(0.9356805, 0.18617544)","(0.9090179, 0.17057508)"
unsat_tseitin_40_266_90515.cnf,0.4899549062049061,0.4688207638594634,0.4296173469387755,0.4311016695121792,0.6190964485211073,0.5449042652373753,"(0.19269046, 0.27952006)","(0.12255689, 0.21318269)","(0.89221, 0.3134932)","(0.8983736, 0.29880205)","(0.9194744, 0.24796902)","(0.9139336, 0.23052832)","(0.2792104, 0.25261605)","(0.175127, 0.19084556)","(0.88702565, 0.31167635)","(0.8980511, 0.29797453)","(0.91730994, 0.24434051)","(0.89031553, 0.22088613)"
unsat_tiling_20_782_63634.cnf,0.9753078775369796,0.9753078775369793,0.0,0.5,0.41414257257157966,0.4926972967449645,"(0.22115104, 0.27396366)","(0.14148751, 0.22725502)","(0.8928369, 0.3137132)","(0.9006521, 0.2918619)","(0.9288367, 0.2177142)","(0.808561, 0.16831632)","(0.31644297, 0.24059395)","(0.19372517, 0.20405321)","(0.88231325, 0.31005597)","(0.89459264, 0.28905696)","(0.9231008, 0.21474361)","(0.723545, 0.13690731)"
unsat_cliquecoloring_27_131.cnf,0.7324074074074078,0.8745370370370366,0.2431517389966144,0.484733727810651,0.4288163172962296,0.45161972017011687,"(0.07904191, 0.24342589)","(0.050542854, 0.15656382)","(0.8546831, 0.28164214)","(0.8699876, 0.23328039)","(0.9364699, 0.18942675)","(0.9166061, 0.17166246)","(0.08992387, 0.23249891)","(0.057324268, 0.15528417)","(0.8592081, 0.280025)","(0.8733629, 0.23711105)","(0.9360031, 0.1891042)","(0.90924263, 0.17160332)"
sat_5color_100_420_10212.cnf,0.28587662337662295,0.642938311688312,0.5626562500000001,0.7331944444444445,0.733312962962963,0.6275512345679013,"(0.06342681, 0.0881741)","(0.04761918, 0.093748145)","(0.9098075, 0.24097972)","(0.91670716, 0.22060625)","(0.94937974, 0.15344605)","(0.8833102, 0.14456482)","(0.112596214, 0.060137685)","(0.07457379, 0.08401411)","(0.9084713, 0.24618325)","(0.91629755, 0.22382313)","(0.9487252, 0.1520668)","(0.84367526, 0.12674679)"
unsat_matching_80_361_40622.cnf,0.5177123570873572,0.5177123570873573,0.4843080899656649,0.6000323097102735,0.6710353704116235,0.6055808774381252,"(0.059495546, 0.093574986)","(0.052274756, 0.116958804)","(0.9047917, 0.2501074)","(0.91594887, 0.21839418)","(0.94780624, 0.1580937)","(0.91677266, 0.15094583)","(0.100399256, 0.08145117)","(0.070027836, 0.09892475)","(0.9036852, 0.25416976)","(0.9174725, 0.21576832)","(0.94597757, 0.16051778)","(0.8839367, 0.13904242)"
unsat_4clique_32_452_22842.cnf,0.9083792930692265,0.9541896465346129,0.029296875,0.34999999999999987,0.45679030265309156,0.461208638339774,"(0.1305069, 0.2579419)","(0.08263974, 0.18358141)","(0.89044285, 0.3021435)","(0.8950036, 0.2883846)","(0.9361046, 0.19550328)","(0.84019154, 0.16686584)","(0.17065838, 0.23867497)","(0.09968818, 0.16301246)","(0.8912795, 0.3036796)","(0.8975614, 0.28533003)","(0.9354512, 0.19395874)","(0.78717434, 0.14584833)"
unsat_cliquecoloring_30_118.cnf,0.6920581052933997,0.8564865689865687,0.35658402203856754,0.6718476510537001,0.5171166666666667,0.5175836674023693,"(0.06849371, 0.2079789)","(0.0481965, 0.14809237)","(0.83243674, 0.26212206)","(0.84320086, 0.22819138)","(0.93849456, 0.18183936)","(0.90637505, 0.17615233)","(0.07280253, 0.18870825)","(0.05195756, 0.14347796)","(0.8657015, 0.26487446)","(0.8786532, 0.22554077)","(0.93738955, 0.18338764)","(0.90136766, 0.15795083)"
unsat_matching_40_111_28630.cnf,0.48480158730158723,0.4848015873015871,0.5841625906560971,0.713611064260415,0.707922419460881,0.6547172265160524,"(0.043751016, 0.12912133)","(0.041860618, 0.1277298)","(0.8149298, 0.20944047)","(0.8367661, 0.14351308)","(0.9459635, 0.15500025)","(0.9282824, 0.14714268)","(0.04885672, 0.12591146)","(0.045088895, 0.12824823)","(0.8478157, 0.2155998)","(0.87033546, 0.15019669)","(0.9495295, 0.14237267)","(0.9302862, 0.13006516)"
unsat_4clique_52_1174_65351.cnf,0.8920515289952626,0.9460257644976312,0.030742932281393853,0.3656509695290858,0.47200464759902006,0.47515082018872207,"(0.2706495, 0.19300951)","(0.1553028, 0.15485792)","(0.895082, 0.30174857)","(0.8983183, 0.29265538)","(0.9348326, 0.19391048)","(0.7064084, 0.11527927)","(0.3920613, 0.16158938)","(0.21487308, 0.12408836)","(0.8337995, 0.28319973)","(0.8436325, 0.27862203)","(0.8983305, 0.18480082)","(0.59610283, 0.0813284)"
unsat_tiling_10_47_90497.cnf,0.7133333333333334,0.7133333333333334,0.08987603305785122,0.5,0.4228920118343195,0.555707418229805,"(0.088179275, 0.26867214)","(0.0596806, 0.18361767)","(0.28044873, 0.3093396)","(0.29936564, 0.29668006)","(0.9275239, 0.19668482)","(0.88713586, 0.17780782)","(0.091988795, 0.2807121)","(0.06850089, 0.21150222)","(0.38044873, 0.27895072)","(0.40400448, 0.25321597)","(0.9265415, 0.19918552)","(0.8926197, 0.16744147)"
unsat_tiling_20_231_52499.cnf,0.7235932123432123,0.7235932123432126,0.1063232421875,0.5,0.44241863742458265,0.5265858879093431,"(0.1082558, 0.28876507)","(0.07362937, 0.20552948)","(0.8733594, 0.30466533)","(0.8855635, 0.26996234)","(0.9343084, 0.19924138)","(0.9071714, 0.17719255)","(0.12707922, 0.29406708)","(0.080241844, 0.1985244)","(0.8772524, 0.30825803)","(0.8906158, 0.26964206)","(0.93287295, 0.20125622)","(0.89068115, 0.17381246)"
unsat_cliquecoloring_62_446.cnf,0.6915451573516086,0.8549379652605443,0.3986667251436341,0.664030669986419,0.5195751667245363,0.5326522321576072,"(0.11986704, 0.16272318)","(0.07511537, 0.1264004)","(0.89972556, 0.28313702)","(0.909211, 0.25584552)","(0.9386346, 0.18748213)","(0.89327157, 0.1642647)","(0.18076691, 0.13614734)","(0.10701426, 0.10788143)","(0.8978759, 0.28542164)","(0.9093083, 0.25676677)","(0.93650407, 0.18899734)","(0.84705526, 0.15079099)"
unsat_matching_60_259_93884.cnf,0.4984586709586708,0.4984586709586709,0.4059546313799622,0.5773794896030247,0.6239194411414982,0.5910464412169155,"(0.058440894, 0.11742649)","(0.049439095, 0.1222755)","(0.89028025, 0.25508294)","(0.90674603, 0.2065318)","(0.94684917, 0.15997648)","(0.91981137, 0.15187988)","(0.076761, 0.11314141)","(0.050691534, 0.09385401)","(0.89557755, 0.2541978)","(0.9081653, 0.21968432)","(0.94453716, 0.16527486)","(0.90290815, 0.15410697)"
unsat_tseitin_20_100_94365.cnf,0.480357142857143,0.438528301763596,0.2735595703125,0.267974853515625,0.44754912703630656,0.3791027864493005,"(0.11117993, 0.31243312)","(0.08171348, 0.23880327)","(0.8650986, 0.3040329)","(0.87139213, 0.28643546)","(0.92017096, 0.24308857)","(0.9195164, 0.22510044)","(0.12835993, 0.30502304)","(0.08860369, 0.2290794)","(0.8743164, 0.30723238)","(0.88043225, 0.2910428)","(0.92074835, 0.23934266)","(0.918924, 0.21765617)"
sat_subsetcard_64_1792_25143.cnf,0.46153846153846084,0.4615384615384604,0.375,0.5,0.4749995328942124,0.5384338744473485,"(0.45556146, 0.19130842)","(0.5219552, 0.14334998)","(0.42148963, 0.14813556)","(0.63860095, 0.22012234)","(0.5875386, 0.13491969)","(0.54996026, 0.11426826)","(0.34914967, 0.22869812)","(0.50931114, 0.1491499)","(0.2523445, 0.0887445)","(0.4216989, 0.14423315)","(0.42992824, 0.07975815)","(0.41858253, 0.06734934)"
sat_tiling_10_236_77445.cnf,1.0,1.0,0.0,0.5,0.35559621949583337,0.4499773653236758,"(0.116272435, 0.31082252)","(0.090843245, 0.25792214)","(0.87035286, 0.30585358)","(0.8780319, 0.2853398)","(0.9239556, 0.23169805)","(0.87875366, 0.20053585)","(0.1311123, 0.3056596)","(0.09644886, 0.24927881)","(0.8803468, 0.30932724)","(0.8870616, 0.2901746)","(0.92330915, 0.2318656)","(0.85927165, 0.19610253)"
unsat_cliquecoloring_50_356.cnf,0.6830060606060608,0.8511999999999995,0.3027257926156754,0.548345475635027,0.46355803226224584,0.47444385593220345,"(0.115946375, 0.19138649)","(0.07004474, 0.13151757)","(0.89511555, 0.28920573)","(0.9036356, 0.26500586)","(0.9383415, 0.18815482)","(0.90814257, 0.17150877)","(0.1692694, 0.18327846)","(0.09813803, 0.12720953)","(0.894887, 0.2888358)","(0.90488577, 0.26355597)","(0.93568325, 0.19309573)","(0.8802697, 0.1622328)"
sat_dominating_70_1295_25518.cnf,0.6901088497582172,0.7927610080000481,0.1793104243800405,0.3941415600024343,0.5526407299863934,0.5377766120062705,"(0.29776332, 0.14298376)","(0.17944019, 0.14814249)","(0.8916402, 0.2937827)","(0.89914525, 0.28104952)","(0.9329092, 0.19034311)","(0.7084139, 0.109535836)","(0.4079833, 0.10160409)","(0.2434698, 0.112259865)","(0.801932, 0.26285228)","(0.83518726, 0.26036364)","(0.8784248, 0.17039052)","(0.6007064, 0.07016128)"
unsat_matching_40_184_2153.cnf,0.5457478632478635,0.5457478632478635,0.4045362718089991,0.5595500459136823,0.5756751933372992,0.5835928766566436,"(0.059033673, 0.1619707)","(0.04542864, 0.13128658)","(0.87809676, 0.2542019)","(0.88930285, 0.22041622)","(0.942455, 0.17170984)","(0.912545, 0.15845563)","(0.079371676, 0.15704845)","(0.056606166, 0.13165684)","(0.879274, 0.26571932)","(0.89560044, 0.21585864)","(0.9417795, 0.17221735)","(0.902943, 0.1534355)"
sat_php_224_908_8740.cnf,0.5913699116774722,1.0,0.568800110251801,0.9426364592075183,0.8534117978629547,0.7823535160758326,"(0.17019013, 0.017174782)","(0.10445585, 0.05532263)","(0.91479796, 0.23964868)","(0.9228778, 0.22007005)","(0.949726, 0.14920193)","(0.8006109, 0.109378226)","(0.27759364, 0.03110974)","(0.17057352, 0.03784391)","(0.8852025, 0.23060037)","(0.90880835, 0.21333337)","(0.93257296, 0.14598736)","(0.70253193, 0.07756878)"
sat_tiling_10_244_40767.cnf,1.0,1.0,0.0,0.5,0.3560712726002271,0.4496871887668504,"(0.114696704, 0.31137994)","(0.09059952, 0.26053622)","(0.87245095, 0.30663013)","(0.88044757, 0.28301948)","(0.9256625, 0.22659604)","(0.8806828, 0.201657)","(0.1294045, 0.30615392)","(0.094638, 0.24718845)","(0.8793829, 0.3089894)","(0.88681877, 0.28809282)","(0.9240797, 0.22978018)","(0.8607171, 0.19637066)"
sat_cliquecoloring_50_213.cnf,0.5267379679144382,0.7855912061794414,0.3485231750797523,0.6564827673273574,0.5290625,0.5551857552939218,"(0.062400393, 0.15458666)","(0.048806228, 0.1329479)","(0.88735926, 0.26853833)","(0.89684486, 0.23914461)","(0.94124687, 0.1777214)","(0.908617, 0.16595076)","(0.09056945, 0.15591063)","(0.06171585, 0.12874703)","(0.89235175, 0.27021822)","(0.90243685, 0.24121891)","(0.94073, 0.17716034)","(0.88933074, 0.1622307)"
unsat_php_101_509_5311.cnf,0.5510076335092426,0.9900990099009901,0.5603247571877589,0.9351882141606837,0.8077227996608951,0.7575051041837557,"(0.08337021, 0.07712236)","(0.05427181, 0.077398434)","(0.9083209, 0.25349712)","(0.91559964, 0.23138972)","(0.9479874, 0.157908)","(0.8661782, 0.14005737)","(0.15942423, 0.051713582)","(0.09610062, 0.06894104)","(0.9068551, 0.25433588)","(0.91468394, 0.23331745)","(0.94676, 0.15666772)","(0.80834377, 0.1194822)"
sat_php_213_828_16930.cnf,0.5907623441050935,1.0,0.6250414571297834,0.9427726952598717,0.8483864664834252,0.7775743102043758,"(0.15798059, 0.02235548)","(0.099115774, 0.06276214)","(0.9156481, 0.24157007)","(0.9253489, 0.21457341)","(0.95005846, 0.14995667)","(0.81573313, 0.1137936)","(0.25953573, 0.019551536)","(0.15702222, 0.038914975)","(0.8988675, 0.23200499)","(0.91723526, 0.20911726)","(0.9407646, 0.14466396)","(0.7274874, 0.08391184)"
sat_php_233_990_95853.cnf,0.590706822013962,1.0,0.6258493011646892,0.9434537982965919,0.8578895582241631,0.7889079690913208,"(0.19389896, 0.013097125)","(0.11884956, 0.05528832)","(0.9124857, 0.2425211)","(0.92287445, 0.21898629)","(0.94804955, 0.15170737)","(0.78017443, 0.10273135)","(0.31526768, 0.04431925)","(0.19591458, 0.038992327)","(0.8745494, 0.23004565)","(0.90464413, 0.2099031)","(0.9258499, 0.14419053)","(0.6823014, 0.0703674)"
sat_op_45_249_69595.cnf,0.5333333333333338,0.25642971339195597,0.21975308641975308,0.2691565261697324,0.4432482830385016,0.3944904766128506,"(0.10018583, 0.22326802)","(0.050193984, 0.111092545)","(0.89216936, 0.29062465)","(0.9041548, 0.25567108)","(0.9338541, 0.2021071)","(0.9324163, 0.18746859)","(0.13649818, 0.20286955)","(0.0711918, 0.10566334)","(0.8924917, 0.28965342)","(0.90384233, 0.25979233)","(0.9343114, 0.19777994)","(0.9272579, 0.1865305)"
sat_cliquecoloring_55_227.cnf,0.5199049316696381,0.7762237762237745,0.38331249999999994,0.6367056689342403,0.6402646502835538,0.5668607121611287,"(0.06344826, 0.1377084)","(0.049720593, 0.12560256)","(0.8922073, 0.26520804)","(0.900996, 0.23782462)","(0.94290113, 0.1722589)","(0.88827646, 0.15599206)","(0.080514655, 0.13209805)","(0.057294857, 0.11900243)","(0.8946425, 0.26257187)","(0.9022212, 0.240574)","(0.94061756, 0.17724633)","(0.87049264, 0.15448551)"
sat_5color_50_260_2076.cnf,0.36779220779220784,0.6838961038961036,0.40212000000000003,0.6010816326530611,0.6270578512396695,0.5814809917355371,"(0.06546013, 0.12886871)","(0.044676628, 0.10159385)","(0.8916515, 0.25356776)","(0.89865047, 0.23359352)","(0.9447052, 0.1664618)","(0.885383, 0.15322708)","(0.07729566, 0.14358702)","(0.05296291, 0.11577622)","(0.8954976, 0.2653767)","(0.9025596, 0.24559778)","(0.9430777, 0.16978577)","(0.86491966, 0.15005963)"
unsat_tiling_20_793_2570.cnf,0.9691090471276229,0.9691090471276222,0.0,0.5,0.4107580672664947,0.49403251417769367,"(0.22059369, 0.27420622)","(0.14322618, 0.23344482)","(0.8924757, 0.31358838)","(0.9000533, 0.29300907)","(0.92898846, 0.21655871)","(0.8055686, 0.16508445)","(0.32143632, 0.23862128)","(0.19929108, 0.21083364)","(0.8817048, 0.30982962)","(0.8939347, 0.29114836)","(0.9233982, 0.21236604)","(0.7198992, 0.13303892)"
sat_cliquecoloring_99_561.cnf,0.43529029371979133,0.7596031888179392,0.30585610326034507,0.6193689986282576,0.5289782622509067,0.5865354484072022,"(0.13650456, 0.092753194)","(0.08947166, 0.10526805)","(0.90441895, 0.2756324)","(0.9137722, 0.24910422)","(0.9409782, 0.1798226)","(0.864536, 0.1522862)","(0.23425229, 0.06451678)","(0.14498302, 0.08437184)","(0.8996805, 0.27025235)","(0.91239995, 0.24727418)","(0.93713343, 0.17953)","(0.7961151, 0.12677585)"
unsat_php_186_1660_24423.cnf,0.5473557824960339,1.0,0.5777246369077795,0.9483146459453193,0.8516741562333827,0.8124375480219636,"(0.32217497, 0.02710844)","(0.1850098, 0.027576786)","(0.86984843, 0.25450724)","(0.8853427, 0.24882299)","(0.920767, 0.16347776)","(0.64252144, 0.07291473)","(0.4149424, 0.06041582)","(0.25095695, 0.010688066)","(0.6904957, 0.19490667)","(0.73251045, 0.19661628)","(0.80708045, 0.12421454)","(0.53343743, 0.034213956)"
sat_op_45_249_85625.cnf,0.5333333333333338,0.15598208484173398,0.2197530864197531,0.24023178158175312,0.4437332031578063,0.4056437389770723,"(0.09953801, 0.21741402)","(0.05137951, 0.11228521)","(0.88924265, 0.29366842)","(0.9031741, 0.25395098)","(0.93448293, 0.20002799)","(0.93263733, 0.18887061)","(0.1315484, 0.20578106)","(0.06808103, 0.10637823)","(0.8908197, 0.2931044)","(0.90508986, 0.25504938)","(0.933716, 0.19987185)","(0.92928344, 0.18368357)"
sat_cliquecoloring_80_524.cnf,0.6158065938276928,0.8196340125919329,0.4630829476682093,0.6880117479530081,0.6109837006427914,0.6269001891639138,"(0.1209936, 0.11897112)","(0.078658156, 0.11371373)","(0.90100634, 0.28076944)","(0.91061294, 0.2531159)","(0.9406031, 0.18127544)","(0.86301696, 0.15305336)","(0.20193139, 0.09682369)","(0.12667544, 0.10801963)","(0.8964988, 0.27797514)","(0.9092202, 0.25056955)","(0.93703145, 0.1825669)","(0.79580754, 0.1335139)"
sat_cliquecoloring_45_137.cnf,0.4242424242424245,0.7565656565656566,0.2916714841792885,0.6278932749768539,0.552459227891234,0.5248079741561223,"(0.061441053, 0.16151336)","(0.04861922, 0.13729666)","(0.8643057, 0.25675192)","(0.878936, 0.21185847)","(0.94204617, 0.17212062)","(0.8997103, 0.16333273)","(0.061829574, 0.15082346)","(0.04739055, 0.12744749)","(0.8765341, 0.25935417)","(0.8895198, 0.21829562)","(0.9418332, 0.17146608)","(0.89135706, 0.16261528)"
sat_matching_60_251_14901.cnf,0.521849446849447,0.5218494468494468,0.4791466186196024,0.6130300362400443,0.6613011486683298,0.6050494260204082,"(0.05903511, 0.1197225)","(0.047604088, 0.11690357)","(0.8904519, 0.25296995)","(0.90226316, 0.21619388)","(0.9464598, 0.16118447)","(0.9192661, 0.15182573)","(0.07812987, 0.111759715)","(0.05894523, 0.11719679)","(0.8965379, 0.25507814)","(0.91179544, 0.21046048)","(0.9455513, 0.16159633)","(0.9037464, 0.14653768)"
sat_subsetcard_36_360_58681.cnf,0.44444444444444453,0.4444444444444437,0.33333333333333337,0.5,0.4519251543209877,0.5316536879428134,"(0.17921907, 0.28221747)","(0.11067128, 0.19802438)","(0.8925144, 0.31359997)","(0.9000915, 0.2944676)","(0.9252057, 0.2299146)","(0.9188754, 0.2188303)","(0.2864412, 0.24691558)","(0.17676781, 0.1798429)","(0.88642055, 0.3114694)","(0.89807165, 0.2961126)","(0.9210432, 0.2319605)","(0.8897604, 0.20931052)"
sat_tseitin_20_130_36501.cnf,0.5211111111111111,0.4897795668383903,0.28319636678200694,0.28853223593964333,0.3964364017976967,0.3461694948408235,"(0.12590615, 0.307279)","(0.10304151, 0.27921695)","(0.88335055, 0.3103836)","(0.886778, 0.30313367)","(0.9176022, 0.2532457)","(0.91602385, 0.23993927)","(0.15270314, 0.2978134)","(0.11737402, 0.2743253)","(0.8852118, 0.31103587)","(0.888299, 0.30586463)","(0.9163617, 0.25479752)","(0.9136775, 0.23052566)"
sat_tseitin_30_468_86187.cnf,0.5404904354904354,0.5128566125448615,0.24783203125000003,0.25025390625,0.5048522714441643,0.47943490834176955,"(0.38151753, 0.21783811)","(0.2807288, 0.24612056)","(0.86348045, 0.3034139)","(0.8940978, 0.3138517)","(0.8945858, 0.26696718)","(0.83461916, 0.23207024)","(0.47739267, 0.18419836)","(0.40054426, 0.20388785)","(0.7099079, 0.2495728)","(0.85639554, 0.30053118)","(0.79982203, 0.23343337)","(0.7230595, 0.19099732)"
unsat_cliquecoloring_37_230.cnf,0.8939588939588937,0.7331566015776542,0.481903076171875,0.7056720610297168,0.5479245244481965,0.5344613363107801,"(0.08061616, 0.19720605)","(0.053250246, 0.1395158)","(0.8833443, 0.28133816)","(0.89469606, 0.24724819)","(0.9407131, 0.17883542)","(0.90355605, 0.16843744)","(0.094399095, 0.18794142)","(0.06448589, 0.14805673)","(0.88839066, 0.28178114)","(0.90017045, 0.24698694)","(0.93946874, 0.18099175)","(0.8897618, 0.16041686)"
sat_subsetcard_12_72_25143.cnf,0.6666666666666666,0.6666666666666664,0.33333333333333337,0.5833333333333334,0.4545454545454546,0.681301652892562,"(0.104724765, 0.3146224)","(0.080137745, 0.24513482)","(0.79766464, 0.28192192)","(0.802735, 0.26598772)","(0.9197564, 0.23974662)","(0.91826713, 0.21544397)","(0.110933796, 0.31254396)","(0.0876561, 0.25803205)","(0.8380481, 0.2950284)","(0.84200543, 0.28400198)","(0.91586196, 0.25061184)","(0.9170871, 0.21422835)"
sat_4clique_32_404_34389.cnf,0.8415398686467004,0.9207699343233505,0.060546875,0.377685546875,0.4562742696005918,0.46310442862426043,"(0.12333612, 0.24918959)","(0.080268696, 0.18244334)","(0.88968533, 0.29867226)","(0.8952975, 0.28197)","(0.93597376, 0.1955533)","(0.8450945, 0.16898106)","(0.16129065, 0.24281877)","(0.098400235, 0.1765711)","(0.8904298, 0.30182523)","(0.895586, 0.28684598)","(0.93570864, 0.19299592)","(0.8016957, 0.15013014)"
unsat_php_96_450_86266.cnf,0.5465454446152979,1.0,0.5692547268066015,0.9388719756449286,0.8090128849284852,0.7611666346865492,"(0.08118876, 0.08601665)","(0.052567326, 0.07955264)","(0.9077551, 0.2522372)","(0.9145489, 0.23206672)","(0.9494108, 0.15334135)","(0.8743393, 0.13840161)","(0.12820049, 0.059542403)","(0.08373787, 0.08720876)","(0.91023856, 0.24358037)","(0.9155013, 0.22933652)","(0.94819033, 0.15356186)","(0.8301345, 0.12387655)"
unsat_php_97_451_21992.cnf,0.5422576682127925,1.0,0.5795835113145503,0.9433147727358898,0.8153202034183592,0.7565359940028157,"(0.07413627, 0.07705327)","(0.049027245, 0.075675115)","(0.90832555, 0.24761932)","(0.9150038, 0.2272125)","(0.950072, 0.15128724)","(0.8772379, 0.13430291)","(0.12447946, 0.06854845)","(0.07588624, 0.074197605)","(0.9082596, 0.24668351)","(0.91532075, 0.22623119)","(0.9470674, 0.15688196)","(0.82768977, 0.12836179)"
unsat_4color_40_190_72085.cnf,0.37590187590187596,0.6879509379509379,0.41666666666666663,0.59375,0.5997125000000001,0.561190625,"(0.060422517, 0.1520239)","(0.040843513, 0.10957558)","(0.8689637, 0.2503891)","(0.8754655, 0.2298921)","(0.94471896, 0.1646595)","(0.88916606, 0.15417941)","(0.06375971, 0.15598822)","(0.048411958, 0.13012366)","(0.8827774, 0.26071003)","(0.89370286, 0.2282972)","(0.94340783, 0.16728468)","(0.877073, 0.15437658)"
sat_op_28_119_84304.cnf,0.5454545454545451,0.34901271114506394,0.17602040816326536,0.2502565967793367,0.4226126245292083,0.38757899854156536,"(0.090131514, 0.25622267)","(0.050127596, 0.1440292)","(0.8601093, 0.28573662)","(0.87310904, 0.24745068)","(0.93066186, 0.20843881)","(0.92791826, 0.19148007)","(0.09852496, 0.24774425)","(0.05358968, 0.13753754)","(0.87284994, 0.29129988)","(0.8888133, 0.24432519)","(0.9323524, 0.20139351)","(0.9268757, 0.18915929)"
unsat_cliquecoloring_36_176.cnf,0.727137445887446,0.871685606060605,0.3852363211337571,0.667430237401083,0.5129673838515783,0.5225729074611792,"(0.074393496, 0.20223685)","(0.051856793, 0.14745882)","(0.8772356, 0.27837443)","(0.8895546, 0.2413773)","(0.93696415, 0.18968275)","(0.9096058, 0.17493328)","(0.09595052, 0.1935986)","(0.064166844, 0.14676797)","(0.877077, 0.27735013)","(0.8885764, 0.24681593)","(0.93650645, 0.18875022)","(0.8968673, 0.1706991)"
sat_subsetcard_12_36_64659.cnf,0.6666666666666666,0.5,0.33333333333333337,0.6481481481481481,0.45443067033976126,0.4049586776859505,"(0.1, 0.31622776)","(0.06661121, 0.21064313)","(0.475, 0.3357551)","(0.4846665, 0.32165566)","(0.9201911, 0.22657824)","(0.82944155, 0.20299684)","(0.097856544, 0.3011767)","(0.06782718, 0.21033876)","(0.6114583, 0.33907276)","(0.62089324, 0.32099906)","(0.91886026, 0.22941788)","(0.82411957, 0.1900777)"
unsat_tseitin_30_568_54824.cnf,0.5389756539756541,0.511646282219302,0.20851562499999998,0.25203613281250004,0.4700200593057735,0.4481093650620115,"(0.45501536, 0.19199246)","(0.36141998, 0.21850939)","(0.784319, 0.27559847)","(0.88191354, 0.30989024)","(0.84393805, 0.25457242)","(0.7666935, 0.21370402)","(0.49175268, 0.17878447)","(0.47651094, 0.1778677)","(0.55441344, 0.19486712)","(0.7612888, 0.2675285)","(0.6903059, 0.20050639)","(0.6305827, 0.16611378)"
unsat_cliquecoloring_54_673.cnf,0.781004607091564,0.8912269412269408,0.11962575183782584,0.2741973840665875,0.4124444347625082,0.40646074297968143,"(0.20576374, 0.21590501)","(0.11611025, 0.13338938)","(0.89624083, 0.3018072)","(0.9050664, 0.28028017)","(0.93327445, 0.20300512)","(0.8696765, 0.17304006)","(0.32449323, 0.17503816)","(0.18863484, 0.102414146)","(0.88029397, 0.2970133)","(0.90111285, 0.27784795)","(0.9253111, 0.19776472)","(0.79181224, 0.14247899)"
unsat_matching_80_365_47440.cnf,0.5115393634143632,0.5115393634143632,0.5255195939916716,0.6309534875074361,0.6787421003940792,0.6394054597371551,"(0.070357785, 0.095535606)","(0.05377376, 0.10468087)","(0.90420926, 0.25489777)","(0.91766435, 0.21447462)","(0.94723034, 0.16003136)","(0.91403884, 0.15023324)","(0.10593184, 0.08727089)","(0.072904386, 0.10159656)","(0.90438443, 0.25401077)","(0.9186571, 0.2138884)","(0.9460071, 0.16044542)","(0.87878644, 0.13954741)"
unsat_tseitin_30_452_52851.cnf,0.5339205239205239,0.5067518828269938,0.24763656500929554,0.2187809026541672,0.5109188403552166,0.48300134901574887,"(0.3686537, 0.2219819)","(0.26802328, 0.25027427)","(0.873398, 0.30690676)","(0.89474326, 0.3139778)","(0.8999631, 0.26824403)","(0.8405997, 0.23265587)","(0.47258464, 0.18565783)","(0.38610595, 0.20884946)","(0.7294935, 0.25646117)","(0.8599731, 0.30179325)","(0.8125987, 0.23652609)","(0.7363409, 0.1953353)"
sat_3clique_24_255_7737.cnf,0.9202928362362673,0.9601464181181333,0.019998740236835538,0.4166666666666667,0.4423101756198346,0.44811488897450397,"(0.097401634, 0.2624085)","(0.06781162, 0.19136599)","(0.8766044, 0.2985162)","(0.88329744, 0.27958027)","(0.9351946, 0.1963314)","(0.86017406, 0.17802757)","(0.12645672, 0.26185855)","(0.075420104, 0.16863452)","(0.8806871, 0.30209178)","(0.8874057, 0.2823181)","(0.93592995, 0.19193457)","(0.83531076, 0.1626702)"
sat_op_45_249_90577.cnf,0.5333333333333338,0.24694658209846437,0.21975308641975308,0.26618253541330467,0.44444119030206064,0.39362550001342317,"(0.10198653, 0.21850954)","(0.052860092, 0.11343542)","(0.8912488, 0.2912633)","(0.90320027, 0.256944)","(0.93330926, 0.20374776)","(0.9325116, 0.1880394)","(0.13575865, 0.21175121)","(0.07036304, 0.1079644)","(0.8916849, 0.2931636)","(0.90446824, 0.25990453)","(0.9332102, 0.20124134)","(0.9270381, 0.18557177)"
sat_tseitin_30_424_85097.cnf,0.5253257853257854,0.49825466166723376,0.22466715976331358,0.23272107166337933,0.5064621913580247,0.4818564332561729,"(0.34084743, 0.2319484)","(0.24523954, 0.2577936)","(0.88211644, 0.30995002)","(0.89514256, 0.31381157)","(0.9058005, 0.2688533)","(0.8578812, 0.23606396)","(0.4607869, 0.18970148)","(0.36956158, 0.21435988)","(0.7641837, 0.2685967)","(0.8721957, 0.3058761)","(0.8341999, 0.24334154)","(0.75809526, 0.19857165)"
sat_php_188_804_77056.cnf,0.5475877688967419,1.0,0.5780403954713502,0.9481356238413923,0.8487338690041394,0.779356735694183,"(0.14571264, 0.03441798)","(0.09096826, 0.06688194)","(0.9141402, 0.24624677)","(0.9231254, 0.22055267)","(0.9489034, 0.15387265)","(0.8159447, 0.118151404)","(0.24246204, 0.014765284)","(0.1466455, 0.041764688)","(0.89831084, 0.24049172)","(0.91298974, 0.21991393)","(0.94117755, 0.14870873)","(0.7283266, 0.088043906)"
unsat_subsetcard_31_129_84276.cnf,0.43740399385560685,1.0,0.32725365654682126,0.9119515179768078,0.5148105281207134,0.716772762345679,"(0.090501584, 0.24667183)","(0.05234737, 0.14508177)","(0.8548086, 0.2867998)","(0.87146485, 0.24766478)","(0.9316956, 0.20622814)","(0.92803687, 0.19788933)","(0.10309692, 0.24353032)","(0.0595814, 0.14625612)","(0.875929, 0.28877285)","(0.88995963, 0.24934676)","(0.9319795, 0.2034151)","(0.92747974, 0.1894662)"
sat_dominating_60_970_53707.cnf,0.6905957686498467,0.7998687870366408,0.19471107902057802,0.4015549574949807,0.5505363728620579,0.5324836146747303,"(0.22208948, 0.16846448)","(0.13595462, 0.1539418)","(0.89771396, 0.29556018)","(0.9043218, 0.27759504)","(0.9370798, 0.18991052)","(0.7711909, 0.12938456)","(0.3374275, 0.12322918)","(0.20503545, 0.13981155)","(0.87462616, 0.2877252)","(0.8905632, 0.27219197)","(0.92477643, 0.18156481)","(0.67872095, 0.09491074)"
sat_cliquecoloring_69_305.cnf,0.48394430235862457,0.7614269788182821,0.37878123357253285,0.6129485833003335,0.6435289166825696,0.5776861143581311,"(0.06844799, 0.12015917)","(0.052313216, 0.11704758)","(0.89902955, 0.26969296)","(0.9065223, 0.24676505)","(0.9424094, 0.17515421)","(0.88340914, 0.16154744)","(0.11147825, 0.11471003)","(0.07803978, 0.12523533)","(0.8986858, 0.26960385)","(0.90829057, 0.2413869)","(0.9413846, 0.17528489)","(0.84963036, 0.14710335)"
unsat_dominating_40_455_67184.cnf,0.6717822260353998,0.7880732895882476,0.1964183967450184,0.40057877550463894,0.5043866002716161,0.5115138462166604,"(0.1149744, 0.22513077)","(0.08315695, 0.19255339)","(0.89346, 0.29562443)","(0.9011531, 0.2726363)","(0.9385371, 0.18772107)","(0.87052524, 0.162445)","(0.16257769, 0.1937359)","(0.10304984, 0.16166697)","(0.89241266, 0.29558045)","(0.90233785, 0.2669277)","(0.9387056, 0.1831566)","(0.8233706, 0.14152974)"
