Instance,Original clu. VIG,Original clu. LIG,Original mod. VIG,Original mod. LIG,Original mod. VCG,Original mod. LCG,STAllo-GWAE2SAT clu. VIG,STAllo-GWAE2SAT clu. LIG,STAllo-GWAE2SAT mod. VIG,STAllo-GWAE2SAT mod. LIG,STAllo-GWAE2SAT mod. VCG,STAllo-GWAE2SAT mod. LCG,STAuto-GWAE2SAT clu. VIG,STAuto-GWAE2SAT clu. LIG,STAuto-GWAE2SAT mod. VIG,STAuto-GWAE2SAT mod. LIG,STAuto-GWAE2SAT mod. VCG,STAuto-GWAE2SAT mod. LCG
unsat_tiling_20_102_21063.cnf,0.6768434343434344,0.6768434343434344,0.24546101815592725,0.5780526877892488,0.5241350446428572,0.5558527217518952,"(0.7486526, 0.031620234)","(0.49330512, 0.04945265)","(0.065851726, 0.0135114575)","(0.21978065, 0.029590806)","(0.4134342, 0.018350849)","(0.43405724, 0.017427785)","(0.75725675, 0.029196443)","(0.51226676, 0.044843007)","(0.064238474, 0.0110904565)","(0.21759483, 0.021412358)","(0.41038364, 0.014203101)","(0.44287866, 0.013664326)"
unsat_tseitin_40_266_90515.cnf,0.4899549062049061,0.4688207638594634,0.420484693877551,0.4277000873203091,0.5864432938554989,0.5442433970733803,"(0.99291915, 0.0041238093)","(0.72606635, 0.011490273)","(0.0, 0.0)","(0.051248975, 0.003706666)","(0.21756253, 0.005420886)","(0.25760883, 0.00435128)","(0.9923385, 0.0028547542)","(0.7231094, 0.0043838434)","(0.0, 0.0)","(0.050348647, 0.0046022874)","(0.21632619, 0.0044853888)","(0.256643, 0.004440516)"
unsat_tiling_20_782_63634.cnf,0.9753078775369796,0.9753078775369793,0.0,0.5,0.4096342284930239,0.4926972967449645,"(1.0, 0.0)","(0.78798956, 0.011045473)","(0.0, 0.0)","(0.06517705, 0.005621203)","(0.31624594, 0.0046344073)","(0.33928284, 0.004278251)","(1.0, 0.0)","(0.7844218, 0.014064982)","(0.0, 0.0)","(0.0688773, 0.004841047)","(0.31416255, 0.0071002454)","(0.33600953, 0.005502612)"
unsat_cliquecoloring_27_131.cnf,0.7324074074074078,0.8745370370370366,0.2431517389966144,0.484733727810651,0.43113095082708996,0.45511539240461746,"(0.7383636, 0.021944935)","(0.49332437, 0.041695345)","(0.06365186, 0.009490288)","(0.19373675, 0.015921222)","(0.38994908, 0.009571794)","(0.41755557, 0.013198708)","(0.72093195, 0.019888297)","(0.49660406, 0.022746002)","(0.07138473, 0.010704432)","(0.19958608, 0.017386934)","(0.39634776, 0.008748633)","(0.42066675, 0.011265016)"
sat_5color_100_420_10212.cnf,0.28587662337662295,0.642938311688312,0.54390625,0.7362152777777778,0.7334888888888889,0.6240796296296295,"(0.28748396, 0.017777594)","(0.3093898, 0.02375758)","(0.2135921, 0.01173916)","(0.30177185, 0.014832123)","(0.51420367, 0.008573746)","(0.48250693, 0.008044392)","(0.29355532, 0.006415889)","(0.3104983, 0.018959764)","(0.21284385, 0.012976012)","(0.29839796, 0.011124521)","(0.5127789, 0.0060122083)","(0.48540297, 0.0064086546)"
unsat_matching_80_361_40622.cnf,0.5177123570873572,0.5177123570873573,0.46565043786890936,0.6051415840438255,0.6611284374149156,0.6202511131203194,"(0.3430559, 0.016220475)","(0.3637744, 0.020309132)","(0.18217315, 0.014126682)","(0.30377394, 0.013233945)","(0.48680282, 0.0076921037)","(0.47921824, 0.009480722)","(0.34558547, 0.0074962913)","(0.3543982, 0.020560704)","(0.17873633, 0.0060508084)","(0.2948408, 0.009759563)","(0.49024835, 0.005892468)","(0.48368597, 0.0077377893)"
unsat_4clique_32_452_22842.cnf,0.9083792930692265,0.9541896465346129,0.029296875,0.3499999999999999,0.4567572086801427,0.46066461987217594,"(0.85050833, 0.012281198)","(0.60817647, 0.029637279)","(0.028207937, 0.0059925322)","(0.082507, 0.005442339)","(0.3817664, 0.004604345)","(0.37202114, 0.007327218)","(0.85310507, 0.019811666)","(0.5878333, 0.036119945)","(0.031321477, 0.0062999534)","(0.07758366, 0.005376949)","(0.38628644, 0.006095725)","(0.37434855, 0.009063599)"
unsat_cliquecoloring_30_118.cnf,0.6920581052933997,0.8564865689865687,0.35658402203856754,0.6718476510537001,0.5130722222222223,0.5169643259312644,"(0.6394081, 0.025309399)","(0.46236053, 0.03853863)","(0.09813806, 0.012666979)","(0.2232467, 0.012911504)","(0.42015046, 0.0069337464)","(0.42636746, 0.01122464)","(0.6358169, 0.017673338)","(0.48448434, 0.027942086)","(0.09729091, 0.013674673)","(0.23762766, 0.01627907)","(0.4185628, 0.009841518)","(0.42214027, 0.017253945)"
unsat_matching_40_111_28630.cnf,0.48480158730158723,0.4848015873015871,0.5860178782256704,0.7143700455388767,0.7034480239608445,0.6580335909631391,"(0.4532431, 0.038591)","(0.3952722, 0.033864126)","(0.22331421, 0.023037083)","(0.4155746, 0.036019508)","(0.5273382, 0.009569568)","(0.5145316, 0.011262042)","(0.4248652, 0.043947276)","(0.38447547, 0.048178893)","(0.22004691, 0.019025225)","(0.42793098, 0.029358929)","(0.5307684, 0.014234769)","(0.52601, 0.010792907)"
unsat_4clique_52_1174_65351.cnf,0.8920515289952626,0.9460257644976312,0.027195558477609766,0.3656509695290858,0.4719728386707083,0.4750489312161903,"(0.8432091, 0.011423744)","(0.6027727, 0.02818185)","(0.03052834, 0.0035748887)","(0.059178066, 0.0040641045)","(0.376913, 0.004366955)","(0.36967638, 0.005706349)","(0.8383733, 0.010464508)","(0.5876257, 0.020687252)","(0.031293806, 0.0039042847)","(0.060215563, 0.004207536)","(0.37866133, 0.004978585)","(0.37222382, 0.0041485485)"
unsat_tiling_10_47_90497.cnf,0.7133333333333334,0.7133333333333334,0.09814049586776848,0.5,0.42732988165680474,0.5556131586388915,"(0.9227937, 0.037728094)","(0.59953, 0.05406915)","(0.0043481602, 0.009417011)","(0.15863948, 0.017373607)","(0.3413362, 0.020691508)","(0.3871974, 0.023469552)","(0.9156747, 0.043541443)","(0.6238358, 0.043122925)","(0.005782549, 0.010942474)","(0.17439444, 0.03297358)","(0.33670768, 0.024456972)","(0.37627408, 0.01752141)"
unsat_tiling_20_231_52499.cnf,0.7235932123432123,0.7235932123432126,0.1063232421875,0.5,0.4423672582610355,0.5314838215302772,"(0.9514715, 0.011595828)","(0.669124, 0.028845694)","(0.00058547786, 0.0009149931)","(0.11394279, 0.012124989)","(0.35757416, 0.0065847915)","(0.38398558, 0.0077944966)","(0.9499477, 0.0101421885)","(0.6707817, 0.019841032)","(0.0009161554, 0.001490412)","(0.109155454, 0.009931926)","(0.36146265, 0.011797277)","(0.39145023, 0.0118599115)"
unsat_cliquecoloring_62_446.cnf,0.6915451573516086,0.8549379652605443,0.3986667251436341,0.664030669986419,0.5212525143377115,0.5313869473671564,"(0.579473, 0.01669869)","(0.42060217, 0.016100863)","(0.086538695, 0.005859312)","(0.17338541, 0.009353979)","(0.4008184, 0.005886043)","(0.4189786, 0.0054457295)","(0.5830115, 0.014145967)","(0.41867876, 0.01749206)","(0.083451554, 0.005298932)","(0.16674404, 0.006537821)","(0.40165892, 0.0038294236)","(0.41765746, 0.004862738)"
unsat_matching_60_259_93884.cnf,0.4984586709586708,0.4984586709586709,0.4524291115311909,0.556257088846881,0.6307060047562426,0.5941591273143799,"(0.39656085, 0.017238852)","(0.36618382, 0.03324753)","(0.16757399, 0.005090762)","(0.29372877, 0.009126267)","(0.48183355, 0.006260505)","(0.47979555, 0.007211479)","(0.40452203, 0.0131189255)","(0.3718033, 0.016919194)","(0.16753063, 0.006574157)","(0.2940764, 0.011669921)","(0.4844884, 0.00531689)","(0.4762714, 0.009006564)"
unsat_tseitin_20_100_94365.cnf,0.480357142857143,0.438528301763596,0.2623291015625,0.2305908203125,0.4169497406676894,0.3717539599953752,"(0.99736834, 0.0027739236)","(0.76341355, 0.015089788)","(0.0, 0.0)","(0.056617636, 0.007885876)","(0.22519541, 0.010564683)","(0.2874164, 0.011893278)","(0.9949123, 0.0040614153)","(0.76099765, 0.010054488)","(0.0, 0.0)","(0.05465736, 0.00447534)","(0.22219047, 0.00905556)","(0.28050783, 0.008537781)"
sat_subsetcard_64_1792_25143.cnf,0.46153846153846084,0.4615384615384604,0.326171875,0.5,0.47499968859614156,0.5344140879218465,"(0.9999504, 0.00015685841)","(0.9281839, 0.003435316)","(0.0, 0.0)","(0.012254767, 0.0010605438)","(0.20451161, 0.0014150335)","(0.22590928, 0.0012059468)","(1.0, 0.0)","(0.9279423, 0.003788368)","(0.0, 0.0)","(0.011882191, 0.0014039816)","(0.20386598, 0.0014497772)","(0.22618118, 0.002253596)"
sat_tiling_10_236_77445.cnf,1.0,1.0,0.0,0.5,0.3555943560769815,0.4499773653236758,"(1.0, 0.0)","(0.79481417, 0.02073759)","(0.0, 0.0)","(0.06953816, 0.009636833)","(0.2793902, 0.00921053)","(0.31382412, 0.0135464175)","(1.0, 0.0)","(0.7923916, 0.02106875)","(0.0, 0.0)","(0.074774966, 0.018110655)","(0.27377558, 0.00611848)","(0.3082555, 0.010166245)"
unsat_cliquecoloring_50_356.cnf,0.6830060606060608,0.8511999999999995,0.3027257926156754,0.548345475635027,0.46118183159089793,0.47929552840419426,"(0.66103005, 0.01575449)","(0.43378177, 0.012047425)","(0.07023282, 0.00541527)","(0.16540924, 0.0067587397)","(0.3907647, 0.008834472)","(0.41128668, 0.005167532)","(0.66806877, 0.011400003)","(0.44188708, 0.01993102)","(0.06881596, 0.0034440444)","(0.16456643, 0.008482607)","(0.38968843, 0.0019539823)","(0.40807787, 0.006178727)"
sat_dominating_70_1295_25518.cnf,0.6901088497582172,0.7927610080000481,0.1820047454726458,0.3913866307963812,0.5500032964412461,0.5384858078705299,"(0.6891631, 0.008228831)","(0.57863295, 0.029052027)","(0.053582717, 0.004150449)","(0.098905556, 0.0039300243)","(0.39697307, 0.0040180758)","(0.39988625, 0.0038222696)","(0.6888123, 0.005968551)","(0.58213747, 0.021957124)","(0.053848185, 0.0028691066)","(0.09934895, 0.004961982)","(0.39750975, 0.0037189806)","(0.39893508, 0.003451969)"
unsat_matching_40_184_2153.cnf,0.5457478632478635,0.5457478632478635,0.4045362718089991,0.5595500459136823,0.6059131469363475,0.5764432302532865,"(0.51484454, 0.026529877)","(0.43154687, 0.027621979)","(0.1323956, 0.011661861)","(0.25724632, 0.017127749)","(0.45793357, 0.012802856)","(0.46506414, 0.011938511)","(0.5080018, 0.015415173)","(0.42601004, 0.047620334)","(0.13842002, 0.013991058)","(0.2575321, 0.02041444)","(0.45998707, 0.0067084613)","(0.4600628, 0.010593549)"
sat_php_224_908_8740.cnf,0.5913699116774722,1.0,0.28602958441591897,0.9426364592075183,0.8531512841878248,0.7803504829183532,"(0.20750555, 0.00667196)","(0.27998897, 0.010324231)","(0.2308727, 0.006210675)","(0.3146984, 0.0060057677)","(0.521079, 0.004074787)","(0.48791614, 0.0060288245)","(0.20867205, 0.006687254)","(0.27420396, 0.012063128)","(0.23173606, 0.007000999)","(0.3100955, 0.009187192)","(0.5209895, 0.0047027464)","(0.48700708, 0.006619659)"
sat_tiling_10_244_40767.cnf,1.0,1.0,0.0,0.5,0.3560730194776836,0.4496871887668504,"(1.0, 0.0)","(0.7894982, 0.03223932)","(0.0, 0.0)","(0.07762618, 0.010926173)","(0.27672154, 0.005629056)","(0.31084144, 0.007917829)","(1.0, 0.0)","(0.79864377, 0.018683137)","(0.0, 0.0)","(0.0682502, 0.009514728)","(0.26796812, 0.004608456)","(0.30360246, 0.0059486846)"
sat_cliquecoloring_50_213.cnf,0.5267379679144382,0.7855912061794414,0.35187089510227054,0.6564827673273574,0.5305532525510204,0.5542865006192377,"(0.51783115, 0.021603623)","(0.44096184, 0.022206916)","(0.12280617, 0.006860128)","(0.23592734, 0.015862988)","(0.4307817, 0.005248765)","(0.43086535, 0.010213511)","(0.50906223, 0.018123228)","(0.4254152, 0.01843816)","(0.12367221, 0.013000196)","(0.22964668, 0.014379563)","(0.4318664, 0.0072544417)","(0.4294564, 0.007010833)"
unsat_php_101_509_5311.cnf,0.5510076335092426,0.9900990099009901,0.5603247571877589,0.9351882141606835,0.8076433487568297,0.7604400635263661,"(0.29809523, 0.007573489)","(0.29685676, 0.0123217935)","(0.1871804, 0.008248121)","(0.2545726, 0.012867241)","(0.49602073, 0.006216173)","(0.46557435, 0.008720299)","(0.29368415, 0.008762341)","(0.30714518, 0.01578108)","(0.1878353, 0.0093961125)","(0.26030806, 0.0122878095)","(0.49962527, 0.006239237)","(0.4712135, 0.006321293)"
sat_php_213_828_16930.cnf,0.5907623441050935,1.0,0.6250414571297834,0.9427726952598717,0.8489400231250663,0.7775674215551405,"(0.2124668, 0.004787706)","(0.2800424, 0.0122182835)","(0.23938923, 0.0072251484)","(0.32308537, 0.008044979)","(0.5257083, 0.0037847464)","(0.4908201, 0.0033945008)","(0.21679339, 0.0073361024)","(0.2742516, 0.018259702)","(0.23614696, 0.0060761813)","(0.31801334, 0.007468872)","(0.52623755, 0.005460126)","(0.48846245, 0.005567026)"
sat_php_233_990_95853.cnf,0.590706822013962,1.0,0.6258493011646893,0.9434537982965918,0.8578905978875285,0.7902449476197456,"(0.20539443, 0.0037127074)","(0.280142, 0.01031069)","(0.22458987, 0.0048986375)","(0.3033328, 0.004816558)","(0.5164119, 0.0046595954)","(0.48352545, 0.0049742237)","(0.20152311, 0.008198957)","(0.27205196, 0.013456431)","(0.22423713, 0.007130093)","(0.30228835, 0.0062808865)","(0.51758516, 0.005373798)","(0.48575297, 0.0063188584)"
sat_op_45_249_69595.cnf,0.5333333333333338,0.25642971339195597,0.21975308641975308,0.2698722476981837,0.438629760665973,0.3990166167667177,"(0.73042333, 0.01584206)","(0.37122297, 0.017793255)","(0.060360264, 0.0058409036)","(0.16833927, 0.01082901)","(0.36019915, 0.0051498017)","(0.3926116, 0.005149152)","(0.7255418, 0.012130287)","(0.3693661, 0.007722406)","(0.058511812, 0.006898265)","(0.17490633, 0.0062576374)","(0.36083263, 0.008387222)","(0.3926525, 0.0060339035)"
sat_cliquecoloring_55_227.cnf,0.5199049316696381,0.7762237762237745,0.38331249999999994,0.6317278911564626,0.6523478260869566,0.5759281404411855,"(0.47327214, 0.010195232)","(0.40936837, 0.029195586)","(0.14225498, 0.0112842275)","(0.21499832, 0.0059058117)","(0.44458205, 0.008007058)","(0.42517337, 0.012786664)","(0.46663183, 0.016865587)","(0.39651376, 0.022964545)","(0.14332932, 0.0063623157)","(0.21908644, 0.011271915)","(0.4448065, 0.008936678)","(0.4187426, 0.007428078)"
sat_5color_50_260_2076.cnf,0.36779220779220784,0.6838961038961036,0.35019999999999996,0.5638367346938775,0.6270578512396695,0.5858991735537189,"(0.44878635, 0.016786493)","(0.37036532, 0.020260487)","(0.14514658, 0.011085763)","(0.22451153, 0.01326166)","(0.47023863, 0.008336796)","(0.44917607, 0.007427924)","(0.4504179, 0.011035918)","(0.36293808, 0.025353963)","(0.14270194, 0.0107881855)","(0.21440318, 0.009772345)","(0.47140178, 0.011516783)","(0.4441081, 0.008417598)"
unsat_tiling_20_793_2570.cnf,0.9691090471276229,0.9691090471276222,0.0,0.5,0.4107580672664947,0.49403285024154586,"(1.0, 0.0)","(0.7941574, 0.008605693)","(0.0, 0.0)","(0.06694035, 0.0048303907)","(0.31267056, 0.0032699276)","(0.33742708, 0.0038135753)","(1.0, 0.0)","(0.7922454, 0.006279614)","(0.0, 0.0)","(0.06922176, 0.004399305)","(0.31393695, 0.003689327)","(0.33642212, 0.0050165793)"
sat_cliquecoloring_99_561.cnf,0.43529029371979133,0.7596031888179392,0.3165378347397974,0.6193689986282576,0.5293450319243067,0.5799755453601108,"(0.3993479, 0.0077273385)","(0.36871877, 0.012442097)","(0.120064415, 0.006783959)","(0.2046198, 0.007689955)","(0.42147964, 0.0051153777)","(0.42887887, 0.0045798738)","(0.40306988, 0.0078394115)","(0.37067515, 0.010944357)","(0.120414354, 0.0043505384)","(0.204707, 0.0052687456)","(0.4185505, 0.0042011007)","(0.42634043, 0.005524066)"
unsat_php_186_1660_24423.cnf,0.5473557824960339,1.0,0.5777246369077795,0.9483146459453194,0.8517567323690793,0.8117333716467914,"(0.24409707, 0.0032682877)","(0.2867267, 0.0151987495)","(0.1423582, 0.005441363)","(0.17438912, 0.0042182626)","(0.45929423, 0.0020995715)","(0.44144902, 0.0032376237)","(0.24202642, 0.004431667)","(0.29280683, 0.011799254)","(0.1419166, 0.004076701)","(0.18005694, 0.0036512262)","(0.45969743, 0.0032021115)","(0.44153538, 0.001825217)"
sat_op_45_249_85625.cnf,0.5333333333333338,0.15598208484173398,0.21975308641975308,0.23597847345320866,0.44295634920634913,0.39822338400380736,"(0.7138912, 0.020926673)","(0.37061548, 0.012446543)","(0.0608671, 0.0059945113)","(0.17767057, 0.009875434)","(0.3661628, 0.0057828194)","(0.40133792, 0.008293863)","(0.7097283, 0.016971104)","(0.3675671, 0.014711699)","(0.06327554, 0.006453472)","(0.17778066, 0.008016706)","(0.3677166, 0.007983767)","(0.4012413, 0.006167662)"
sat_cliquecoloring_80_524.cnf,0.6158065938276928,0.8196340125919329,0.4630829476682093,0.6893022427910289,0.6059986225895316,0.6261618693602167,"(0.4587931, 0.0058385865)","(0.413934, 0.013161251)","(0.111854434, 0.007072959)","(0.1876978, 0.0051500364)","(0.42319116, 0.0046730274)","(0.42384607, 0.0052094744)","(0.4638514, 0.009145924)","(0.4215982, 0.013960539)","(0.110271774, 0.004285295)","(0.18649526, 0.005752734)","(0.4226029, 0.0056211837)","(0.42753974, 0.0067943847)"
sat_cliquecoloring_45_137.cnf,0.4242424242424245,0.7565656565656566,0.2758700427795121,0.6278932749768537,0.5383056712883911,0.5262505659103293,"(0.4936846, 0.020128746)","(0.4154645, 0.022141838)","(0.15786836, 0.01692897)","(0.2659375, 0.0196315)","(0.4548129, 0.009478729)","(0.43452272, 0.012052106)","(0.4849605, 0.026281906)","(0.39308363, 0.028628362)","(0.15495518, 0.010042592)","(0.2616539, 0.0115064215)","(0.4529845, 0.010816422)","(0.4265596, 0.0054747136)"
sat_matching_60_251_14901.cnf,0.521849446849447,0.5218494468494468,0.472103355787146,0.609347167338916,0.6577867554868859,0.6035762117346939,"(0.4024827, 0.010652175)","(0.38987345, 0.030147454)","(0.17507668, 0.011931795)","(0.3061624, 0.016124336)","(0.48056707, 0.0121734515)","(0.48475704, 0.0066165677)","(0.3971394, 0.014156373)","(0.35918158, 0.020813666)","(0.18118723, 0.015312699)","(0.3040018, 0.011995908)","(0.48687953, 0.009785468)","(0.48029885, 0.010628133)"
sat_subsetcard_36_360_58681.cnf,0.44444444444444453,0.4444444444444437,0.33333333333333337,0.5,0.45833333333333337,0.5312721421931162,"(0.98773396, 0.0049323337)","(0.687125, 0.008426095)","(0.0, 0.0)","(0.05774202, 0.0028962127)","(0.2612961, 0.0036329543)","(0.29779127, 0.0033721756)","(0.9892864, 0.003091095)","(0.6857813, 0.010204735)","(0.0, 0.0)","(0.059108537, 0.0040975763)","(0.26453388, 0.005061004)","(0.3002674, 0.0056729917)"
sat_tseitin_20_130_36501.cnf,0.5211111111111111,0.4897795668383903,0.28319636678200694,0.28853223593964333,0.3963476483255829,0.34515233018729535,"(1.0, 0.0)","(0.8991939, 0.0065911165)","(0.0, 0.0)","(0.021244712, 0.004085482)","(0.17651156, 0.0091946)","(0.24065778, 0.00474915)","(1.0, 0.0)","(0.90208626, 0.0075013945)","(0.0, 0.0)","(0.018809596, 0.003653382)","(0.18018954, 0.0068310844)","(0.2448422, 0.005032561)"
sat_tseitin_30_468_86187.cnf,0.5404904354904354,0.5128566125448615,0.23886718750000002,0.215078125,0.4509368060521661,0.4791496532491507,"(1.0, 0.0)","(0.9808768, 0.00078924967)","(0.0, 0.0)","(0.00080618646, 0.00040301634)","(0.1352954, 0.0026463806)","(0.17931381, 0.0026790346)","(1.0, 0.0)","(0.98030823, 0.0010924297)","(0.0, 0.0)","(0.0009830211, 0.0004568465)","(0.13582027, 0.0038797974)","(0.17665951, 0.0038844147)"
unsat_cliquecoloring_37_230.cnf,0.8939588939588937,0.7331566015776542,0.481903076171875,0.7056720610297167,0.5502444138832532,0.5327354611184488,"(0.64917785, 0.023565896)","(0.4940134, 0.031182911)","(0.091304824, 0.011285687)","(0.18470326, 0.013476952)","(0.41995206, 0.009071663)","(0.42830715, 0.0038589258)","(0.6507857, 0.02512745)","(0.48138827, 0.031900242)","(0.08291197, 0.0110670095)","(0.18923248, 0.013778014)","(0.4168099, 0.011166057)","(0.428793, 0.0063671083)"
sat_subsetcard_12_72_25143.cnf,0.6666666666666666,0.6666666666666664,0.33333333333333337,0.5833333333333334,0.4545454545454546,0.681301652892562,"(0.9984848, 0.0047913254)","(0.80093443, 0.01629483)","(0.0, 0.0)","(0.04612119, 0.009271567)","(0.2274539, 0.013815554)","(0.30349314, 0.012188101)","(1.0, 0.0)","(0.8022648, 0.01861632)","(0.0, 0.0)","(0.050771385, 0.0075114286)","(0.22961898, 0.008068303)","(0.31219763, 0.014254437)"
sat_4clique_32_404_34389.cnf,0.8415398686467004,0.9207699343233505,0.060221875000000036,0.377685546875,0.45631255200628695,0.4652612449149408,"(0.8187172, 0.0097733475)","(0.5643958, 0.023057384)","(0.03691425, 0.0048581976)","(0.08601253, 0.007921602)","(0.39306468, 0.0071647214)","(0.3828334, 0.0077651246)","(0.8229615, 0.02666698)","(0.5571848, 0.036868628)","(0.035786547, 0.0069058994)","(0.087697335, 0.009279472)","(0.39271906, 0.0073034693)","(0.3815414, 0.008703064)"
unsat_php_96_450_86266.cnf,0.5465454446152979,1.0,0.5692547268066015,0.9388719756449286,0.8088804905376307,0.7589720676516544,"(0.29425806, 0.010413396)","(0.30695605, 0.028231436)","(0.19705756, 0.009273118)","(0.2726192, 0.013086843)","(0.5032482, 0.0067634922)","(0.47361535, 0.008301409)","(0.30156595, 0.014624837)","(0.30599096, 0.0241249)","(0.19047207, 0.008580733)","(0.27066204, 0.01626451)","(0.50451344, 0.006708888)","(0.47571987, 0.007130036)"
unsat_php_97_451_21992.cnf,0.5422576682127925,1.0,0.5795835113145503,0.9433147727358896,0.8149564903482838,0.7542712505611464,"(0.30293974, 0.01152957)","(0.31149733, 0.017377248)","(0.19249181, 0.0049939128)","(0.26879808, 0.009532109)","(0.50436306, 0.0051705325)","(0.4722758, 0.0076432074)","(0.30176347, 0.012744716)","(0.31713575, 0.028014285)","(0.19747433, 0.0076570776)","(0.27255565, 0.016644793)","(0.50110066, 0.0065362933)","(0.4713563, 0.009342563)"
unsat_4color_40_190_72085.cnf,0.37590187590187596,0.6879509379509379,0.4111111111111111,0.6031249999999999,0.5997000000000001,0.5841375000000001,"(0.49275598, 0.027085036)","(0.38251406, 0.036646936)","(0.1463438, 0.011305741)","(0.2281191, 0.015378914)","(0.46950966, 0.01401585)","(0.45034432, 0.015928486)","(0.4852592, 0.023316333)","(0.39851743, 0.039870527)","(0.14724064, 0.015280596)","(0.23475614, 0.0127636995)","(0.47187462, 0.0069025746)","(0.4459158, 0.010287343)"
sat_op_28_119_84304.cnf,0.5454545454545451,0.34901271114506394,0.18452380952380953,0.25490523357780615,0.40424043274552535,0.3782278589607939,"(0.81258166, 0.014593747)","(0.45680723, 0.020800663)","(0.043515515, 0.006700294)","(0.17562649, 0.009212791)","(0.34431568, 0.008309733)","(0.39478597, 0.012284869)","(0.81416893, 0.015351696)","(0.46739107, 0.017611027)","(0.04215006, 0.0067606294)","(0.18083203, 0.0094362)","(0.35141593, 0.010370588)","(0.393922, 0.010259192)"
unsat_cliquecoloring_36_176.cnf,0.727137445887446,0.871685606060605,0.37584922200306825,0.667430237401083,0.512974891020925,0.5284938770357279,"(0.6265511, 0.031538192)","(0.46092957, 0.03404817)","(0.08947034, 0.009938077)","(0.20605585, 0.0147072645)","(0.41317153, 0.0124529265)","(0.4322144, 0.0067878724)","(0.6408731, 0.020049397)","(0.47477484, 0.036353268)","(0.09042403, 0.009889615)","(0.2057722, 0.014601195)","(0.4141437, 0.011302527)","(0.42665315, 0.012728857)"
sat_subsetcard_12_36_64659.cnf,0.6666666666666666,0.5,0.33333333333333337,0.6481481481481481,0.4545454545454546,0.4049586776859505,"(0.9835227, 0.014891497)","(0.6790343, 0.04140524)","(0.0, 0.0)","(0.084941, 0.028140372)","(0.260535, 0.020185506)","(0.25068212, 0.016914701)","(0.9792255, 0.013853486)","(0.6397971, 0.043483857)","(0.0, 0.0)","(0.08584936, 0.027452784)","(0.25998196, 0.016260535)","(0.26041716, 0.018308533)"
unsat_tseitin_30_568_54824.cnf,0.5389756539756541,0.511646282219302,0.23054687499999996,0.19259765624999997,0.4370643474352266,0.43091414648108517,"(1.0, 0.0)","(0.98239964, 0.00017855321)","(0.0, 0.0)","(2.8752158e-05, 9.09223e-05)","(0.116767384, 0.0017056605)","(0.15918086, 0.0035760147)","(1.0, 0.0)","(0.9824561, 0.0)","(0.0, 0.0)","(0.0, 0.0)","(0.117686465, 0.0024475555)","(0.158968, 0.002960716)"
unsat_cliquecoloring_54_673.cnf,0.781004607091564,0.8912269412269408,0.10581421251949208,0.2741973840665875,0.410581569708126,0.4103364428283103,"(0.8202615, 0.01141467)","(0.47373405, 0.0073446506)","(0.033102702, 0.0034979521)","(0.11165043, 0.005437543)","(0.35736156, 0.0030855003)","(0.3853789, 0.0038879188)","(0.8218176, 0.0073345676)","(0.47898513, 0.006581884)","(0.032846067, 0.003324581)","(0.11062278, 0.006008584)","(0.35686317, 0.0033282966)","(0.38393942, 0.0030762563)"
unsat_matching_80_365_47440.cnf,0.5115393634143632,0.5115393634143632,0.5268255502676978,0.631292757287329,0.6778417555747789,0.6344144848444603,"(0.34565514, 0.014711258)","(0.34396878, 0.018902918)","(0.17806248, 0.008813891)","(0.29098693, 0.013489569)","(0.49082357, 0.00715647)","(0.48125714, 0.0065932646)","(0.34457847, 0.016441017)","(0.3625229, 0.023640584)","(0.17375055, 0.008918239)","(0.30001697, 0.013037074)","(0.49015713, 0.008750444)","(0.48697478, 0.0030419582)"
unsat_tseitin_30_452_52851.cnf,0.5339205239205239,0.5067518828269938,0.24763656500929554,0.2476415094339623,0.5109188403552165,0.48284754285237835,"(1.0, 0.0)","(0.98026437, 0.0013084323)","(0.0, 0.0)","(0.0010682086, 0.00069319265)","(0.13862708, 0.0023483613)","(0.1797136, 0.003309598)","(1.0, 0.0)","(0.9798126, 0.00087079016)","(0.0, 0.0)","(0.0013546007, 0.00045286838)","(0.13848361, 0.0034272997)","(0.18138625, 0.002225665)"
sat_3clique_24_255_7737.cnf,0.9202928362362673,0.9601464181181333,0.013321995464852632,0.4166666666666667,0.4423101756198346,0.44835433102052724,"(0.859031, 0.015484329)","(0.58747447, 0.025537333)","(0.02715598, 0.0045722844)","(0.09707835, 0.01403053)","(0.38542897, 0.0064748414)","(0.37871924, 0.01056399)","(0.8643085, 0.017222576)","(0.58672017, 0.033428513)","(0.028067777, 0.005417345)","(0.09391011, 0.011091469)","(0.38759065, 0.009013195)","(0.3796463, 0.010604345)"
sat_op_45_249_90577.cnf,0.5333333333333338,0.24694658209846437,0.21975308641975308,0.2756124993887232,0.4484267709182316,0.3850061411044592,"(0.7226087, 0.012214496)","(0.36376035, 0.016570421)","(0.06004282, 0.006777013)","(0.17830789, 0.008432703)","(0.3621853, 0.007122346)","(0.39508924, 0.006297903)","(0.71985304, 0.010073004)","(0.37300256, 0.013495656)","(0.062475003, 0.0064234734)","(0.17226496, 0.0035540136)","(0.35983458, 0.0035956376)","(0.39887124, 0.0047717546)"
sat_tseitin_30_424_85097.cnf,0.5253257853257854,0.49825466166723376,0.2380013149243918,0.235741288625904,0.5056520061728395,0.48093629436728397,"(1.0, 0.0)","(0.97775364, 0.0019955866)","(0.0, 0.0)","(0.0022025828, 0.0007907611)","(0.140084, 0.00222028)","(0.18585858, 0.0039487532)","(1.0, 0.0)","(0.97842044, 0.0015109463)","(0.0, 0.0)","(0.0020225886, 0.00078351435)","(0.1401286, 0.002276602)","(0.18549411, 0.0029092259)"
sat_php_188_804_77056.cnf,0.5475877688967419,1.0,0.4324861588954871,0.9481356238413924,0.8490488482570406,0.7808754110428119,"(0.2190661, 0.0047425893)","(0.2807755, 0.013143448)","(0.22053437, 0.0052038413)","(0.300146, 0.007026925)","(0.5167564, 0.0050815046)","(0.4819343, 0.004419288)","(0.22339544, 0.009481123)","(0.289556, 0.010882576)","(0.2227848, 0.005547727)","(0.3002208, 0.008121545)","(0.51531404, 0.004367663)","(0.48277497, 0.0057671117)"
unsat_subsetcard_31_129_84276.cnf,0.43740399385560685,1.0,0.3272536565468213,0.9119515179768078,0.5250771604938271,0.7157118055555556,"(0.79490507, 0.00926212)","(0.43952337, 0.018367568)","(0.046227537, 0.007915821)","(0.1729466, 0.010549041)","(0.34262758, 0.008889063)","(0.38557538, 0.012471696)","(0.8036081, 0.011676896)","(0.44897404, 0.012855581)","(0.04177187, 0.00584679)","(0.17620045, 0.009697861)","(0.34519777, 0.009837626)","(0.3835941, 0.0046213856)"
sat_dominating_60_970_53707.cnf,0.6905957686498467,0.7998687870366408,0.19471107902057802,0.4015549574949806,0.5505447884953343,0.5359116925552286,"(0.6976195, 0.008376979)","(0.57971185, 0.016233172)","(0.05796361, 0.006322997)","(0.108104035, 0.005819282)","(0.3984878, 0.006795607)","(0.40362668, 0.0047850227)","(0.7029394, 0.014412631)","(0.5718152, 0.018053008)","(0.053299285, 0.0034454756)","(0.104917765, 0.0067742616)","(0.39771643, 0.00518996)","(0.40348083, 0.005500345)"
sat_cliquecoloring_69_305.cnf,0.48394430235862457,0.7614269788182821,0.37878123357253285,0.619858473511131,0.646183506799176,0.5787214264518552,"(0.42148966, 0.016954899)","(0.40635887, 0.02824071)","(0.14148536, 0.008817185)","(0.22609007, 0.0073412885)","(0.44351196, 0.0070359777)","(0.43047968, 0.005889994)","(0.43129236, 0.011967017)","(0.3931469, 0.02256473)","(0.13906613, 0.010100893)","(0.21289344, 0.009185804)","(0.44253916, 0.006389364)","(0.4252522, 0.007445244)"
unsat_dominating_40_455_67184.cnf,0.6717822260353998,0.7880732895882476,0.1964183967450184,0.400578775504639,0.5110796740606609,0.5042649545604563,"(0.7251945, 0.022213414)","(0.5583392, 0.030425115)","(0.05631869, 0.005342126)","(0.13125989, 0.0074828635)","(0.40563482, 0.00495653)","(0.41294017, 0.007263345)","(0.72505337, 0.019215742)","(0.5564821, 0.026753658)","(0.058884807, 0.006454634)","(0.13916177, 0.010587718)","(0.40934715, 0.010207924)","(0.4127633, 0.007931737)"
