Instance,W2SAT clu. VIG,W2SAT clu. LIG,W2SAT mod. VIG,W2SAT mod. LIG,W2SAT mod. VCG,W2SAT mod. LCG
unsat_5clique_65_1825_50315.cnf,,,,,,
sat_php_229_953_65845.cnf,,,,,,
unsat_dominating_80_1810_98166.cnf,,,,,,
unsat_tiling_20_102_21063.cnf,"(0.67311007, 0.03783621)","(0.53174686, 0.026530623)","(0.21381375, 0.016740456)","(0.55633247, 0.013652601)","(0.46837482, 0.015738513)","(0.55430615, 0.019072639)"
sat_php_225_920_5668.cnf,,,,,,
unsat_dominating_80_1809_31472.cnf,"(0.5770918, 0.0076062046)","(0.59839857, 0.01439824)","(0.1525919, 0.0052999356)","(0.33154252, 0.009508374)","(0.47260857, 0.002958157)","(0.541087, 0.004979795)"
unsat_php_94_857_1462.cnf,"(0.5296263, 0.010563585)","(0.51519716, 0.01768433)","(0.5321584, 0.007402195)","(0.7560221, 0.007917827)","(0.66222346, 0.0060768677)","(0.7316412, 0.0040165256)"
unsat_tseitin_40_266_90515.cnf,"(0.5537461, 0.032950364)","(0.47827324, 0.031424724)","(0.39936393, 0.019778335)","(0.44049707, 0.015590267)","(0.59946, 0.012807173)","(0.5561587, 0.008932553)"
unsat_tiling_20_782_63634.cnf,"(1.0, 0.0)","(0.97250336, 0.004348857)","(0.0, 0.0)","(0.49906832, 0.00131523)","(0.32201332, 0.004434057)","(0.48041588, 0.0013974567)"
unsat_5clique_65_1955_30435.cnf,,,,,,
unsat_matching_80_356_51040.cnf,"(0.3976818, 0.00824293)","(0.35804686, 0.010076487)","(0.3980171, 0.013204681)","(0.565055, 0.009421491)","(0.61726385, 0.008801929)","(0.602091, 0.009095408)"
unsat_cliquecoloring_27_131.cnf,"(0.6785118, 0.060678795)","(0.5950626, 0.08163774)","(0.13869071, 0.023932023)","(0.38247067, 0.034329478)","(0.3640173, 0.014730815)","(0.37523374, 0.01952831)"
sat_5color_100_420_10212.cnf,"(0.31546813, 0.008769028)","(0.57772857, 0.00801061)","(0.5079858, 0.009077653)","(0.6903881, 0.0073817773)","(0.7053588, 0.0075018853)","(0.6464102, 0.005488551)"
unsat_matching_80_361_40622.cnf,"(0.4098668, 0.018356435)","(0.3662408, 0.011855635)","(0.39215487, 0.018199127)","(0.56071943, 0.0087549435)","(0.61859524, 0.008308599)","(0.5980118, 0.008878549)"
unsat_4clique_32_452_22842.cnf,"(0.88360786, 0.006959442)","(0.75283295, 0.010967084)","(0.022080477, 0.0032735274)","(0.38828477, 0.008678094)","(0.41896707, 0.0018099191)","(0.48316178, 0.0030245911)"
sat_matching_160_1285_40622.cnf,"(0.36924958, 0.0035945864)","(0.32822093, 0.0049136896)","(0.32834193, 0.007347285)","(0.507357, 0.0037314803)","(0.5885946, 0.005346042)","(0.59453225, 0.0023584922)"
unsat_cliquecoloring_30_118.cnf,"(0.671456, 0.020258334)","(0.7571963, 0.024578026)","(0.35406464, 0.012316255)","(0.6820766, 0.0024373012)","(0.46018156, 0.019621998)","(0.5199167, 0.020452857)"
unsat_matching_40_111_28630.cnf,"(0.43237656, 0.019446632)","(0.37774307, 0.030680068)","(0.51298213, 0.011760272)","(0.6849068, 0.01065856)","(0.6905513, 0.015761467)","(0.61603177, 0.016417537)"
unsat_4clique_52_1174_65351.cnf,,,,,,
sat_dominating_70_1295_52087.cnf,"(0.60442364, 0.005519561)","(0.4918744, 0.013492863)","(0.1508194, 0.0066375905)","(0.29401425, 0.008710238)","(0.47008643, 0.004224799)","(0.5110334, 0.0063742213)"
unsat_tiling_10_47_90497.cnf,"(0.72706354, 0.056463603)","(0.6211468, 0.04833997)","(0.10924828, 0.01903457)","(0.49147516, 0.0066489195)","(0.3488666, 0.025608806)","(0.4779016, 0.017150525)"
unsat_5clique_65_1825_12867.cnf,,,,,,
unsat_op_90_775_81162.cnf,"(0.4128728, 0.003381982)","(0.11370355, 0.004958918)","(0.14940332, 0.0072721904)","(0.19020449, 0.009389013)","(0.4569838, 0.004737148)","(0.44733763, 0.0037398618)"
sat_dominating_70_1295_27876.cnf,"(0.6235148, 0.004325313)","(0.7314808, 0.009907398)","(0.15756702, 0.007706581)","(0.37455156, 0.006316934)","(0.46345752, 0.0033489543)","(0.53264195, 0.0040961537)"
unsat_tiling_20_231_52499.cnf,"(0.8852838, 0.017797079)","(0.7036443, 0.014265067)","(0.03230833, 0.009866427)","(0.46481323, 0.007335146)","(0.38319692, 0.010169282)","(0.49635744, 0.009004116)"
unsat_cliquecoloring_62_446.cnf,"(0.6007684, 0.008348276)","(0.7849915, 0.0070499377)","(0.3907016, 0.0050053606)","(0.6712234, 0.00090640865)","(0.50249845, 0.0046079275)","(0.5402519, 0.0068820124)"
sat_php_234_997_36616.cnf,,,,,,
unsat_dominating_80_1808_68998.cnf,"(0.5822045, 0.009795192)","(0.56302017, 0.013047471)","(0.15760049, 0.0065284893)","(0.33132178, 0.0060730665)","(0.48404908, 0.0055645984)","(0.5437312, 0.0055744657)"
unsat_matching_60_259_93884.cnf,"(0.42310137, 0.00922461)","(0.37584013, 0.014683454)","(0.3568729, 0.013231468)","(0.5413051, 0.011677669)","(0.5815194, 0.00787795)","(0.57285917, 0.00999224)"
unsat_tseitin_20_100_94365.cnf,"(0.53312105, 0.018146291)","(0.4357194, 0.021876492)","(0.22102991, 0.010305469)","(0.2542308, 0.012207337)","(0.4499577, 0.01786599)","(0.40734488, 0.013992921)"
sat_4color_120_450_33000.cnf,"(0.23662093, 0.009693017)","(0.5346936, 0.021656066)","(0.50213414, 0.013664702)","(0.66480625, 0.00874532)","(0.71645135, 0.0061044763)","(0.6488945, 0.005421107)"
sat_5color_250_1550_97858.cnf,"(0.18562166, 0.0032301717)","(0.55789673, 0.0033669078)","(0.41808087, 0.009655422)","(0.5618454, 0.012803414)","(0.6552385, 0.005071337)","(0.61483353, 0.0062621897)"
unsat_dominating_80_1810_56432.cnf,,,,,,
sat_tiling_5_19_51205.cnf,"(1.0, 0.0)","(0.9876667, 0.039001424)","(0.0, 0.0)","(0.494875, 0.016206676)","(0.23214611, 0.0043080575)","(0.3457769, 0.022687009)"
sat_php_232_978_45755.cnf,,,,,,
unsat_dominating_80_1810_67242.cnf,"(0.58061147, 0.004263825)","(0.5425371, 0.008755307)","(0.20704475, 0.009034479)","(0.37956315, 0.008918928)","(0.50425154, 0.0043574874)","(0.56723034, 0.0024592688)"
sat_php_234_997_1553.cnf,,,,,,
sat_subsetcard_64_1792_25143.cnf,"(0.39592853, 0.0056350078)","(0.34032282, 0.008641457)","(0.23492973, 0.02059383)","(0.4996509, 0.00024961293)","(0.50545263, 0.011811923)","(0.59610665, 0.0111326175)"
unsat_subsetcard_53_818_50334.cnf,"(0.41105828, 0.01646277)","(0.63300717, 0.028903918)","(0.39965838, 0.015651548)","(0.8087281, 0.010446179)","(0.707622, 0.013416656)","(0.7721821, 0.0067288377)"
unsat_tiling_10_124_9529.cnf,"(0.9955555, 0.009369711)","(0.95771825, 0.0032581608)","(0.0, 0.0)","(0.49975663, 0.0003237509)","(0.3007927, 0.0075153043)","(0.43311268, 0.006599532)"
sat_tseitin_20_118_71779.cnf,"(0.5992445, 0.021264046)","(0.51780033, 0.01562897)","(0.26863736, 0.02844725)","(0.30819467, 0.016841829)","(0.4979151, 0.017815163)","(0.44710025, 0.01781912)"
sat_tiling_10_236_77445.cnf,"(1.0, 0.0)","(1.0, 0.0)","(0.0, 0.0)","(0.5, 0.0)","(0.24463871, 0.0013008354)","(0.47410077, 0.0)"
sat_php_222_895_6.cnf,,,,,,
unsat_dominating_80_1810_66379.cnf,,,,,,
unsat_cliquecoloring_50_356.cnf,"(0.6702417, 0.004476137)","(0.8079133, 0.017449103)","(0.30583668, 0.0030521846)","(0.5424872, 0.0028632116)","(0.45493588, 0.005498636)","(0.5162035, 0.0075907214)"
unsat_5clique_50_1130_76720.cnf,,,,,,
unsat_5clique_65_1695_90705.cnf,,,,,,
sat_5color_250_1300_97403.cnf,"(0.22330615, 0.006127009)","(0.54208905, 0.010830747)","(0.48512754, 0.010614356)","(0.63603735, 0.00992399)","(0.7086436, 0.0045419605)","(0.6400234, 0.005326295)"
sat_3clique_30_348_89891.cnf,"(0.8415883, 0.011168451)","(0.8216898, 0.017649662)","(0.049847588, 0.009088743)","(0.4554108, 0.0030006801)","(0.4233776, 0.0042433925)","(0.50595987, 0.00468192)"
unsat_dominating_80_1810_70888.cnf,,,,,,
unsat_5clique_65_1825_42075.cnf,,,,,,
sat_4clique_40_664_58622.cnf,,,,,,
sat_php_224_918_91788.cnf,,,,,,
sat_dominating_70_1295_25518.cnf,"(0.6086623, 0.0045183566)","(0.5112178, 0.01262933)","(0.14785571, 0.0074402858)","(0.31265765, 0.0078402655)","(0.4656941, 0.0025322284)","(0.5108444, 0.0027629423)"
sat_php_220_881_91073.cnf,,,,,,
sat_php_227_942_25083.cnf,,,,,,
unsat_matching_40_184_2153.cnf,"(0.48351163, 0.017428596)","(0.41305757, 0.018149873)","(0.29795378, 0.014135636)","(0.53313035, 0.013322267)","(0.5309768, 0.0082443915)","(0.5533132, 0.008144562)"
sat_4clique_40_604_39950.cnf,"(0.79281, 0.010312867)","(0.75489223, 0.017376877)","(0.054040886, 0.007952523)","(0.4265152, 0.004342977)","(0.42856184, 0.002606013)","(0.49337682, 0.003984492)"
unsat_dominating_80_1810_41876.cnf,"(0.59699357, 0.0042331056)","(0.5886254, 0.017193163)","(0.21707554, 0.0036091742)","(0.3635389, 0.0047967657)","(0.500476, 0.004251001)","(0.5574257, 0.0043406053)"
unsat_dominating_80_1810_65972.cnf,,,,,,
unsat_3color_90_480_50860.cnf,"(0.16934565, 0.008391632)","(0.54824847, 0.019782685)","(0.3335039, 0.015213153)","(0.5226862, 0.022624413)","(0.5977601, 0.0033377465)","(0.57429105, 0.005242306)"
sat_php_224_908_8740.cnf,,,,,,
sat_tiling_10_244_40767.cnf,"(1.0, 0.0)","(1.0, 0.0)","(0.0, 0.0)","(0.5, 0.0)","(0.2436084, 0.005043268)","(0.4746875, 0.0)"
unsat_dominating_80_1810_31472.cnf,,,,,,
sat_3clique_39_666_65351.cnf,,,,,,
sat_tiling_10_237_83086.cnf,"(1.0, 0.0)","(0.99691665, 0.009750347)","(0.0, 0.0)","(0.4988827, 0.0035331594)","(0.24352393, 0.001901952)","(0.47407705, 0.00051437004)"
unsat_cliquecoloring_48_493.cnf,"(0.6904074, 0.0108799)","(0.42865568, 0.012559083)","(0.15551515, 0.010720592)","(0.381284, 0.008060919)","(0.38879806, 0.008260397)","(0.42762643, 0.012154848)"
unsat_dominating_80_1810_60782.cnf,,,,,,
sat_php_227_936_60065.cnf,,,,,,
sat_5clique_50_930_78130.cnf,,,,,,
unsat_dominating_80_1810_35210.cnf,"(0.56080514, 0.005648864)","(0.5141617, 0.008574504)","(0.19347441, 0.016107561)","(0.3816555, 0.007440412)","(0.48914605, 0.0064877323)","(0.56120396, 0.006455285)"
sat_subsetcard_60_2820_18847.cnf,"(0.4204828, 0.0071191597)","(0.36683026, 0.017501062)","(0.30241793, 0.013894612)","(0.5051955, 0.005360488)","(0.70238644, 0.024211258)","(0.7807631, 0.022893291)"
sat_cliquecoloring_50_213.cnf,"(0.4775327, 0.009986367)","(0.7010636, 0.01068027)","(0.32173857, 0.010366919)","(0.6522659, 0.0036995616)","(0.4972849, 0.007049505)","(0.5209732, 0.013502023)"
sat_subsetcard_24_84_25143.cnf,"(0.47937617, 0.052534286)","(0.743383, 0.08143786)","(0.37907353, 0.033720724)","(0.81279755, 0.022042882)","(0.61520565, 0.02081312)","(0.65780795, 0.011814567)"
sat_dominating_60_970_56272.cnf,"(0.6038874, 0.009477963)","(0.57444084, 0.013212836)","(0.15666142, 0.0073847193)","(0.3347072, 0.005219928)","(0.47301602, 0.0065883896)","(0.52426517, 0.007248795)"
unsat_php_95_878_22166.cnf,"(0.69335884, 0.0033739738)","(0.9772296, 0.0051640356)","(0.6217249, 0.0016966019)","(0.8590547, 0.00050056947)","(0.7177917, 0.0012882849)","(0.77142394, 0.0007495936)"
unsat_dominating_80_1810_95248.cnf,,,,,,
unsat_php_101_509_5311.cnf,"(0.49636555, 0.0063196067)","(0.73880726, 0.008239909)","(0.493989, 0.0034693212)","(0.87552035, 0.002532505)","(0.6971039, 0.005737512)","(0.74861985, 0.0057654902)"
sat_tseitin_20_142_20074.cnf,"(0.6692711, 0.023546359)","(0.55449116, 0.028437896)","(0.22184876, 0.022064434)","(0.25404546, 0.015209684)","(0.37480822, 0.031362455)","(0.3630522, 0.013407671)"
sat_3clique_30_378_90705.cnf,"(0.88854283, 0.012263178)","(0.80152905, 0.011728828)","(0.02576203, 0.0057991743)","(0.43980163, 0.008864037)","(0.415867, 0.0036249496)","(0.5104151, 0.0060899365)"
unsat_tiling_20_258_54906.cnf,"(0.91781175, 0.011815232)","(0.7320075, 0.020472106)","(0.017496934, 0.0039463346)","(0.49300376, 0.0039594015)","(0.3883449, 0.005589822)","(0.48861986, 0.009721752)"
sat_php_213_828_16930.cnf,,,,,,
sat_php_225_926_92838.cnf,,,,,,
sat_php_233_990_95853.cnf,,,,,,
unsat_tseitin_40_496_30847.cnf,"(0.591409, 0.009735221)","(0.49315625, 0.016569138)","(0.33118916, 0.018503403)","(0.38949686, 0.020187903)","(0.40049028, 0.022305444)","(0.42772022, 0.024830868)"
unsat_cliquecoloring_45_350.cnf,"(0.7769743, 0.011531398)","(0.8752373, 0.011326444)","(0.29786435, 0.004237973)","(0.51670986, 0.0021456138)","(0.4086457, 0.0072820773)","(0.43176094, 0.006259804)"
unsat_5clique_65_1825_60066.cnf,,,,,,
sat_op_45_249_69595.cnf,"(0.51682615, 0.014657762)","(0.25288898, 0.0087196315)","(0.13294652, 0.008575928)","(0.24076346, 0.0114727635)","(0.4340698, 0.006496448)","(0.44403544, 0.006072406)"
sat_5color_250_1300_69384.cnf,"(0.2235693, 0.0045517148)","(0.54695046, 0.008089117)","(0.49088198, 0.009306474)","(0.6369741, 0.007324631)","(0.70668, 0.004557137)","(0.6427347, 0.0055412455)"
sat_cliquecoloring_55_227.cnf,"(0.45834088, 0.006120979)","(0.7014669, 0.012248395)","(0.339011, 0.007492306)","(0.6035601, 0.0037007919)","(0.52212334, 0.007832847)","(0.53584045, 0.007298641)"
unsat_php_184_1627_40264.cnf,"(0.5446926, 0.0012700901)","(0.9721714, 0.004750838)","(0.57762307, 0.00080612267)","(0.9413614, 0.0012873977)","(0.7620963, 0.0019512743)","(0.8445283, 0.00079794123)"
sat_5color_50_260_2076.cnf,"(0.3335714, 0.008388161)","(0.6142624, 0.013639165)","(0.28377092, 0.017390449)","(0.52144086, 0.012206464)","(0.5675994, 0.008796557)","(0.55160075, 0.0063438006)"
unsat_tiling_20_793_2570.cnf,"(0.99437916, 0.0042797867)","(0.95107114, 0.0057257535)","(0.0, 0.0)","(0.49853373, 0.0019493725)","(0.32450283, 0.0029131465)","(0.47872105, 0.002851977)"
sat_cliquecoloring_99_561.cnf,"(0.37658754, 0.006308963)","(0.5909101, 0.00916036)","(0.28474694, 0.005328799)","(0.6216459, 0.0028480024)","(0.5092741, 0.005556056)","(0.55869204, 0.008994714)"
sat_4clique_40_604_65687.cnf,"(0.8119768, 0.004986008)","(0.7610334, 0.015323432)","(0.04199695, 0.0039173877)","(0.3962507, 0.0068441886)","(0.43278557, 0.0036172282)","(0.5046277, 0.0039376207)"
sat_3clique_30_378_78502.cnf,"(0.8974536, 0.009473871)","(0.84343547, 0.023179978)","(0.02231164, 0.0071617183)","(0.42404455, 0.0034958066)","(0.4185999, 0.0025774708)","(0.50586474, 0.0048160264)"
unsat_php_186_1660_24423.cnf,"(0.51037395, 0.0030993249)","(0.6650263, 0.004257727)","(0.3590799, 0.10079065)","(0.8510439, 0.0017203233)","(0.6990911, 0.0022153587)","(0.79848295, 0.0021453986)"
sat_php_229_956_22166.cnf,,,,,,
unsat_op_20_74_63750.cnf,"(0.6018092, 0.01822121)","(0.2392734, 0.021906812)","(0.09233143, 0.013287113)","(0.24638028, 0.012813526)","(0.40891552, 0.009280473)","(0.44214454, 0.01613688)"
unsat_dominating_80_1810_66626.cnf,,,,,,
sat_op_45_249_85625.cnf,"(0.4813835, 0.008794422)","(0.19851029, 0.008598002)","(0.1495029, 0.011107662)","(0.23151787, 0.0065684025)","(0.45263642, 0.0077384314)","(0.45457774, 0.0075574433)"
sat_cliquecoloring_80_524.cnf,"(0.53043807, 0.0057109487)","(0.6733149, 0.007798976)","(0.39342526, 0.002266124)","(0.6483114, 0.0012958683)","(0.4963158, 0.0047696927)","(0.55704385, 0.0057278257)"
sat_subsetcard_24_84_64525.cnf,"(0.42677578, 0.018309494)","(0.78584325, 0.05877725)","(0.3433281, 0.034966864)","(0.81899756, 0.022411171)","(0.6118662, 0.013461246)","(0.66371423, 0.008707141)"
unsat_op_45_248_4041.cnf,"(0.4595062, 0.008538647)","(0.13955781, 0.007014953)","(0.15526357, 0.009452061)","(0.22010025, 0.011153263)","(0.45698768, 0.0058335406)","(0.453271, 0.005447448)"
unsat_dominating_80_1809_49226.cnf,"(0.5806712, 0.008505731)","(0.5940494, 0.012285746)","(0.1661419, 0.00772367)","(0.3324135, 0.006043073)","(0.47699696, 0.0025385069)","(0.53705895, 0.0037723058)"
sat_cliquecoloring_45_137.cnf,"(0.38618767, 0.014644328)","(0.6219047, 0.026774798)","(0.27428928, 0.012096152)","(0.63418376, 0.0024996337)","(0.49260625, 0.0034821604)","(0.5300396, 0.016765317)"
unsat_matching_60_271_39143.cnf,"(0.43213993, 0.009834785)","(0.37925643, 0.013311519)","(0.36880654, 0.015550129)","(0.569004, 0.008433302)","(0.5931456, 0.008980063)","(0.57849634, 0.007268617)"
unsat_cliquecoloring_45_248.cnf,"(0.64259654, 0.025639229)","(0.6017339, 0.015953295)","(0.41171217, 0.012638556)","(0.6719969, 0.0065753083)","(0.51647794, 0.011636782)","(0.6021956, 0.022164652)"
sat_matching_60_251_14901.cnf,"(0.42202273, 0.01693705)","(0.36131942, 0.023624275)","(0.3927654, 0.018682359)","(0.5879686, 0.0076094945)","(0.6031073, 0.010771013)","(0.59019595, 0.009672721)"
sat_dominating_70_1295_31472.cnf,"(0.6050533, 0.0077058165)","(0.6913279, 0.010988453)","(0.1564138, 0.0047623655)","(0.41077107, 0.004523391)","(0.4625856, 0.004236599)","(0.5485014, 0.003230268)"
sat_3clique_30_408_50315.cnf,"(0.9237728, 0.007636522)","(0.8097936, 0.014688488)","(0.012910175, 0.0059365765)","(0.43026248, 0.008502554)","(0.4183588, 0.0039341333)","(0.5070888, 0.0043374286)"
sat_subsetcard_36_360_58681.cnf,"(0.43476978, 0.0057447343)","(0.35969067, 0.009560518)","(0.1895865, 0.015482876)","(0.49689054, 0.0030621404)","(0.45624352, 0.018386647)","(0.54987353, 0.012578327)"
sat_5color_100_520_97350.cnf,"(0.26561052, 0.0076409956)","(0.57827675, 0.008445246)","(0.39282978, 0.015811997)","(0.5739066, 0.01134475)","(0.6446859, 0.006137296)","(0.6162667, 0.008501875)"
sat_tseitin_20_130_36501.cnf,"(0.6060484, 0.039790984)","(0.53994083, 0.040632226)","(0.25343865, 0.032798007)","(0.2934418, 0.024514936)","(0.35042325, 0.03713433)","(0.35711244, 0.026774116)"
unsat_tseitin_20_146_24277.cnf,"(0.61595887, 0.03262913)","(0.5157586, 0.04504837)","(0.19288686, 0.030032497)","(0.25772557, 0.022994451)","(0.4087473, 0.026920721)","(0.39489204, 0.023376431)"
sat_subsetcard_60_2820_22665.cnf,"(0.4153288, 0.008829566)","(0.35852855, 0.0120091215)","(0.29355377, 0.0077628614)","(0.5010447, 0.004011246)","(0.69224316, 0.013791341)","(0.7709262, 0.01530396)"
sat_tseitin_30_468_86187.cnf,"(0.5891467, 0.014981043)","(0.4676711, 0.015333115)","(0.18783607, 0.015585327)","(0.23317996, 0.007308424)","(0.4817769, 0.008288623)","(0.4707055, 0.011577517)"
unsat_cliquecoloring_37_230.cnf,"(0.76073194, 0.020650437)","(0.6319917, 0.031636074)","(0.41824484, 0.009131275)","(0.66903067, 0.009956663)","(0.48118287, 0.010124904)","(0.5309692, 0.015080985)"
unsat_dominating_80_1810_96282.cnf,"(0.5618179, 0.0070412783)","(0.5265848, 0.012979439)","(0.19674993, 0.006795961)","(0.38975078, 0.0062897834)","(0.49338612, 0.0069041303)","(0.57720745, 0.0033665183)"
unsat_dominating_80_1810_40273.cnf,,,,,,
sat_subsetcard_12_72_25143.cnf,"(0.7505952, 0.042070623)","(0.68807876, 0.06262858)","(0.20039983, 0.038509153)","(0.53502005, 0.034068055)","(0.4168025, 0.022772448)","(0.597977, 0.02512087)"
sat_op_28_119_74214.cnf,"(0.5505953, 0.011096521)","(0.25401643, 0.009741301)","(0.14143145, 0.0080283815)","(0.24790184, 0.010369196)","(0.43099022, 0.0076693227)","(0.44508967, 0.008257102)"
sat_4clique_32_404_34389.cnf,"(0.83912075, 0.012688425)","(0.722505, 0.024832048)","(0.033848163, 0.004710817)","(0.38764077, 0.013603348)","(0.42465752, 0.0026854055)","(0.49446672, 0.006757656)"
unsat_5clique_65_1955_91681.cnf,,,,,,
unsat_php_96_450_86266.cnf,"(0.4655285, 0.0039659585)","(0.7338858, 0.008608979)","(0.4776205, 0.011854618)","(0.8724287, 0.0044188933)","(0.6842024, 0.0021264784)","(0.74337053, 0.004408751)"
sat_5color_250_1050_96558.cnf,"(0.30233473, 0.003989309)","(0.5747124, 0.0084891915)","(0.6059765, 0.006232541)","(0.74464154, 0.006232978)","(0.7714466, 0.0025157565)","(0.68381554, 0.0064241644)"
unsat_dominating_40_455_87000.cnf,"(0.61252683, 0.011818742)","(0.5925747, 0.027514435)","(0.18262658, 0.0077132)","(0.37473682, 0.011928403)","(0.47273868, 0.0051919646)","(0.536201, 0.008419741)"
unsat_tiling_20_101_58566.cnf,"(0.61418444, 0.0573321)","(0.47739506, 0.015039514)","(0.16573982, 0.030819952)","(0.5265482, 0.010921702)","(0.4099632, 0.013990858)","(0.5054921, 0.009224329)"
unsat_dominating_50_690_38469.cnf,"(0.59840816, 0.013177501)","(0.67443794, 0.021603601)","(0.15876858, 0.00819598)","(0.39412168, 0.010352988)","(0.4660383, 0.0035516878)","(0.5427648, 0.0060802065)"
sat_php_220_876_45650.cnf,,,,,,
unsat_php_97_451_21992.cnf,"(0.5246289, 0.0067114118)","(0.9619098, 0.010123817)","(0.57021636, 0.0037903076)","(0.93989867, 0.0017304993)","(0.7377316, 0.0038807893)","(0.7635463, 0.0038398171)"
unsat_dominating_80_1810_71978.cnf,,,,,,
unsat_dominating_80_1810_52694.cnf,,,,,,
sat_php_226_932_62209.cnf,,,,,,
unsat_dominating_80_1810_77484.cnf,,,,,,
unsat_4color_40_190_72085.cnf,"(0.32930246, 0.017468924)","(0.6100532, 0.020676153)","(0.24736221, 0.02339349)","(0.515362, 0.014769104)","(0.55728716, 0.0071421256)","(0.5515967, 0.007588012)"
sat_php_234_995_88781.cnf,,,,,,
unsat_dominating_80_1809_21835.cnf,"(0.56209236, 0.0076835165)","(0.51298964, 0.018455498)","(0.1545358, 0.0069855303)","(0.36994296, 0.0099486215)","(0.4830609, 0.003967068)","(0.56963587, 0.008624354)"
sat_php_229_951_42801.cnf,,,,,,
sat_op_28_119_84304.cnf,"(0.60225594, 0.019992704)","(0.34159175, 0.01249663)","(0.117313005, 0.010761578)","(0.23427954, 0.020713476)","(0.41538954, 0.009704522)","(0.4250563, 0.009415294)"
unsat_op_90_775_82061.cnf,"(0.41879743, 0.0036879035)","(0.16151582, 0.003212585)","(0.12120845, 0.0069654775)","(0.21042022, 0.0061391033)","(0.44481558, 0.004406115)","(0.4510401, 0.0034831683)"
unsat_cliquecoloring_36_176.cnf,"(0.66721374, 0.01213871)","(0.81391084, 0.015064215)","(0.3781918, 0.0094504785)","(0.67346823, 0.0025250232)","(0.5006641, 0.00832658)","(0.5268383, 0.01068382)"
sat_php_224_911_4195.cnf,,,,,,
unsat_dominating_80_1810_53707.cnf,"(0.5749671, 0.009637339)","(0.5417899, 0.011785991)","(0.16041788, 0.0059048296)","(0.32922685, 0.010127794)","(0.47268105, 0.0039121094)","(0.52850085, 0.0057887896)"
sat_subsetcard_12_36_64659.cnf,"(0.7378968, 0.10404752)","(0.43083334, 0.034364205)","(0.36534745, 0.083939865)","(0.57822096, 0.036935635)","(0.46309853, 0.022125665)","(0.39946672, 0.03268224)"
sat_subsetcard_80_2240_22665.cnf,"(0.4731764, 0.0012591503)","(0.9952713, 0.0031980446)","(0.42461687, 0.031025408)","(0.93961924, 0.0011302555)","(0.71636945, 0.002269832)","(0.9029666, 0.0008272425)"
unsat_op_90_775_64509.cnf,"(0.41141897, 0.008223259)","(0.12522027, 0.002815873)","(0.13816226, 0.0060496195)","(0.18206374, 0.008816647)","(0.45750698, 0.0060666217)","(0.45103025, 0.0029787582)"
unsat_dominating_80_1810_49226.cnf,,,,,,
sat_php_223_901_21286.cnf,,,,,,
unsat_5clique_65_1955_42480.cnf,,,,,,
unsat_op_45_248_69595.cnf,"(0.4721737, 0.011525654)","(0.15536432, 0.008123008)","(0.14738432, 0.011278155)","(0.22928104, 0.012289087)","(0.4590063, 0.0050754156)","(0.45691806, 0.005983378)"
unsat_tseitin_30_568_54824.cnf,"(0.6230965, 0.064067066)","(0.5097265, 0.062159557)","(0.3045885, 0.054444674)","(0.35271424, 0.032746293)","(0.28377253, 0.13369332)","(0.34031773, 0.085747875)"
unsat_tseitin_40_292_99809.cnf,"(0.52735245, 0.010243995)","(0.45451015, 0.008933453)","(0.36047095, 0.010651381)","(0.40356922, 0.013136871)","(0.614336, 0.0078020003)","(0.55872816, 0.0107201245)"
unsat_cliquecoloring_54_673.cnf,"(0.9186223, 0.019104443)","(0.34102336, 0.00091446977)","(0.02500945, 0.0017064827)","(0.067316435, 0.001657384)","(0.3926084, 0.0093824975)","(0.39036557, 0.008849635)"
unsat_dominating_50_689_11317.cnf,"(0.57249826, 0.013096256)","(0.5310351, 0.010144481)","(0.12972, 0.012165582)","(0.45033842, 0.0054574646)","(0.47110018, 0.0043636006)","(0.56845295, 0.0066224467)"
unsat_matching_80_365_47440.cnf,"(0.41509467, 0.009198634)","(0.36500317, 0.012892354)","(0.42304245, 0.014043744)","(0.58097285, 0.009839425)","(0.62412596, 0.011112437)","(0.61039925, 0.008139057)"
sat_tiling_5_17_36057.cnf,"(0.87333333, 0.014054554)","(0.82600003, 0.05295701)","(0.0, 0.0)","(0.48610592, 0.02675802)","(0.24243745, 0.011398188)","(0.35949773, 0.035487212)"
unsat_matching_80_363_61838.cnf,"(0.39906567, 0.007715384)","(0.3562971, 0.011836295)","(0.39238113, 0.01708052)","(0.5512303, 0.0064088665)","(0.6097146, 0.010102685)","(0.59020007, 0.009526045)"
unsat_tseitin_30_452_52851.cnf,"(0.5860888, 0.010858733)","(0.44942862, 0.009861042)","(0.15771191, 0.012258343)","(0.21881025, 0.013117885)","(0.47222042, 0.019798104)","(0.46058637, 0.018902294)"
sat_3clique_24_255_7737.cnf,"(0.92996395, 0.010693843)","(0.87360114, 0.017989838)","(0.0098371, 0.0060086004)","(0.4072992, 0.005343019)","(0.40551695, 0.0054904837)","(0.48283753, 0.005612028)"
sat_subsetcard_60_2820_25143.cnf,"(0.4217772, 0.0050546974)","(0.36543372, 0.01146001)","(0.29239455, 0.013530592)","(0.5076246, 0.005920512)","(0.6839076, 0.022420451)","(0.75564134, 0.025368618)"
unsat_dominating_40_455_28307.cnf,"(0.56167555, 0.013350217)","(0.59808177, 0.022387927)","(0.1590386, 0.014808354)","(0.41691166, 0.011418026)","(0.46822447, 0.005516003)","(0.54802763, 0.008235539)"
unsat_dominating_80_1809_635.cnf,"(0.57206, 0.0058686584)","(0.5179174, 0.010961711)","(0.15640391, 0.004289875)","(0.31613, 0.0065678325)","(0.47751445, 0.0033843254)","(0.52719104, 0.0038794272)"
unsat_dominating_40_455_87187.cnf,"(0.5694563, 0.020749183)","(0.64681226, 0.017194469)","(0.15389402, 0.013597923)","(0.3946659, 0.01406162)","(0.46925482, 0.0068225423)","(0.5457996, 0.0075324476)"
sat_op_45_249_90577.cnf,"(0.50792485, 0.008895116)","(0.24442303, 0.007699807)","(0.1345962, 0.008701421)","(0.23749605, 0.011417821)","(0.43304443, 0.006737002)","(0.44340616, 0.005564199)"
sat_tseitin_30_424_85097.cnf,"(0.56570005, 0.012415763)","(0.4298802, 0.0085432185)","(0.17235076, 0.009135842)","(0.21597621, 0.014321666)","(0.45314923, 0.024407461)","(0.45642152, 0.013237995)"
sat_php_188_804_77056.cnf,"(0.53806067, 0.0017179)","(0.9816068, 0.003385828)","(0.56366426, 0.02767619)","(0.9433991, 0.0008227023)","(0.6202994, 0.0015701221)","(0.7405292, 0.003141779)"
sat_5color_250_1300_43143.cnf,"(0.22536342, 0.0060857437)","(0.5584645, 0.00559533)","(0.4888718, 0.006339268)","(0.64191234, 0.008842954)","(0.7077884, 0.0020794647)","(0.6467686, 0.0034862023)"
unsat_dominating_80_1810_64806.cnf,"(0.56372523, 0.006200003)","(0.5125606, 0.017372368)","(0.1987669, 0.0068476875)","(0.38476175, 0.007001416)","(0.49404216, 0.0046386207)","(0.57184905, 0.008857099)"
unsat_dominating_80_1809_18472.cnf,"(0.55593264, 0.00835026)","(0.48463693, 0.009602756)","(0.14315477, 0.0062231263)","(0.35720152, 0.010277222)","(0.4826413, 0.0053278427)","(0.5583414, 0.007642953)"
unsat_subsetcard_31_129_84276.cnf,"(0.38669163, 0.022736402)","(0.6757335, 0.05133943)","(0.2913609, 0.02839204)","(0.80327547, 0.0146154715)","(0.55702627, 0.017448531)","(0.7349073, 0.007430956)"
sat_dominating_60_970_53707.cnf,"(0.6145951, 0.0054134335)","(0.40894556, 0.0074843275)","(0.15976362, 0.0056252903)","(0.26682466, 0.008255225)","(0.46043515, 0.0019152774)","(0.4871746, 0.0042940504)"
sat_4clique_32_356_68014.cnf,"(0.7708925, 0.009876574)","(0.68251693, 0.015957057)","(0.081816986, 0.0064585954)","(0.41458622, 0.004021416)","(0.42881972, 0.0034787112)","(0.49705142, 0.0065768315)"
sat_php_227_937_64655.cnf,,,,,,
unsat_dominating_80_1810_71068.cnf,"(0.56598526, 0.008396126)","(0.58701104, 0.010230731)","(0.1997334, 0.0050315126)","(0.36991683, 0.010129177)","(0.49493814, 0.0035833512)","(0.56441164, 0.0058777095)"
sat_cliquecoloring_69_305.cnf,"(0.4209376, 0.007615981)","(0.6869543, 0.01042026)","(0.3361544, 0.0055966573)","(0.60537595, 0.004115279)","(0.52946097, 0.009207973)","(0.54014987, 0.0074837357)"
unsat_tseitin_40_296_55226.cnf,"(0.5203329, 0.040618233)","(0.43144637, 0.033285327)","(0.36521277, 0.020154284)","(0.43090534, 0.016849373)","(0.6048466, 0.012958667)","(0.5565267, 0.01909146)"
unsat_dominating_80_1810_63476.cnf,,,,,,
unsat_dominating_40_455_67184.cnf,"(0.61878395, 0.012218614)","(0.74292594, 0.021195367)","(0.17673662, 0.009745158)","(0.38160568, 0.011696793)","(0.4604752, 0.004953999)","(0.52539843, 0.0068015954)"
unsat_dominating_80_1810_67184.cnf,,,,,,
