Instance,Small-Total-GVAE clu. VIG,Small-Total-GVAE clu. LIG,Small-Total-GVAE mod. VIG,Small-Total-GVAE mod. LIG,Small-Total-GVAE mod. VCG,Small-Total-GVAE mod. LCG
unsat_5clique_65_1825_50315.cnf,"(0.18493477, 0.0027757338)","(0.15688828, 0.007944022)","(0.1753574, 0.003856033)","(0.18678266, 0.0038243225)","(0.485843, 0.0027617293)","(0.43785256, 0.002536592)"
sat_php_229_953_65845.cnf,"(0.20441885, 0.004424988)","(0.2682869, 0.010385509)","(0.24572475, 0.005835304)","(0.3203948, 0.007982958)","(0.5296823, 0.0034605588)","(0.49113113, 0.0063844514)"
unsat_dominating_80_1810_98166.cnf,"(0.18592143, 0.0033955406)","(0.24307983, 0.00876093)","(0.17248444, 0.0043208194)","(0.20977184, 0.0038676024)","(0.4845933, 0.0031801302)","(0.45829654, 0.0024409306)"
unsat_tiling_20_102_21063.cnf,"(0.57043725, 0.026298054)","(0.33928293, 0.009801465)","(0.8155257, 0.037287995)","(0.8839823, 0.027177837)","(0.8800623, 0.022339033)","(0.7332848, 0.014338291)"
sat_php_225_920_5668.cnf,"(0.20809487, 0.009210646)","(0.2595877, 0.021471206)","(0.25166446, 0.005001871)","(0.32946908, 0.0071394932)","(0.53257823, 0.003834028)","(0.49247974, 0.0068491357)"
unsat_dominating_80_1809_31472.cnf,"(0.18324289, 0.0042067203)","(0.22120552, 0.012394908)","(0.17322774, 0.0046560448)","(0.20785424, 0.00493542)","(0.49000102, 0.003890166)","(0.45800537, 0.0034519155)"
unsat_php_94_857_1462.cnf,"(0.21531706, 0.009825986)","(0.19602613, 0.010219843)","(0.28649563, 0.0043893964)","(0.33442396, 0.00679872)","(0.5674752, 0.004859294)","(0.4865531, 0.0043731974)"
unsat_tseitin_40_266_90515.cnf,"(0.31441516, 0.0049180654)","(0.43438488, 0.007914711)","(0.20699492, 0.005306071)","(0.371615, 0.0052063344)","(0.40820923, 0.004568914)","(0.40267706, 0.004488134)"
unsat_tiling_20_782_63634.cnf,"(0.22521015, 0.008887299)","(0.2640964, 0.013846028)","(0.2889051, 0.005757141)","(0.37007344, 0.0055655497)","(0.5603251, 0.005474754)","(0.5016879, 0.0048117563)"
unsat_5clique_65_1955_30435.cnf,"(0.18373743, 0.00476896)","(0.15488473, 0.0053681205)","(0.16406874, 0.0041096057)","(0.17576298, 0.0035496901)","(0.47957206, 0.0022711952)","(0.43627962, 0.002947841)"
unsat_matching_80_356_51040.cnf,"(0.37800562, 0.016117774)","(0.33356094, 0.016863286)","(0.4779318, 0.012634586)","(0.61590445, 0.014393708)","(0.674681, 0.0076145246)","(0.55460155, 0.010145785)"
unsat_cliquecoloring_27_131.cnf,"(0.53656244, 0.025029618)","(0.37041622, 0.021665884)","(0.6809331, 0.02062249)","(0.80044955, 0.018069401)","(0.79507816, 0.0131193)","(0.67347354, 0.014989845)"
sat_5color_100_420_10212.cnf,"(0.34792352, 0.022880403)","(0.2755395, 0.015418764)","(0.4483164, 0.012505078)","(0.5481303, 0.016451422)","(0.65997016, 0.005776187)","(0.5223905, 0.0072513674)"
unsat_matching_80_361_40622.cnf,"(0.35448307, 0.012542295)","(0.3193174, 0.008538147)","(0.47276765, 0.009875492)","(0.62378234, 0.009182661)","(0.67678845, 0.006854402)","(0.56001794, 0.0058901096)"
unsat_4clique_32_452_22842.cnf,"(0.33378547, 0.018262519)","(0.20671844, 0.009750305)","(0.45077634, 0.011698345)","(0.4843937, 0.014009469)","(0.6649191, 0.007337645)","(0.4799737, 0.006755067)"
sat_matching_160_1285_40622.cnf,"(0.19022368, 0.0032492548)","(0.28226155, 0.009690634)","(0.20057178, 0.0026563122)","(0.27814788, 0.005337718)","(0.506492, 0.002566895)","(0.48598704, 0.0034130192)"
unsat_cliquecoloring_30_118.cnf,"(0.57892215, 0.031938512)","(0.35545963, 0.015178631)","(0.71803534, 0.015770385)","(0.80647343, 0.014042067)","(0.8205082, 0.0096136555)","(0.67189926, 0.015048718)"
unsat_matching_40_111_28630.cnf,"(0.5032259, 0.033169325)","(0.30643985, 0.020549985)","(0.8257302, 0.02795065)","(0.90090865, 0.017057732)","(0.8901598, 0.012866838)","(0.7772049, 0.012537443)"
unsat_4clique_52_1174_65351.cnf,"(0.18935816, 0.0064039556)","(0.14860132, 0.008410731)","(0.23036425, 0.005319878)","(0.24832988, 0.0036810443)","(0.5281742, 0.004129277)","(0.45589438, 0.0020315312)"
sat_dominating_70_1295_52087.cnf,"(0.18629386, 0.005950518)","(0.22737142, 0.008489861)","(0.21410577, 0.0055621457)","(0.2636983, 0.006425252)","(0.5205315, 0.0045775375)","(0.4775475, 0.0050834334)"
unsat_tiling_10_47_90497.cnf,"(0.5869841, 0.045880347)","(0.32633346, 0.02867543)","(0.83687925, 0.03492029)","(0.8796204, 0.030438097)","(0.9053558, 0.017493749)","(0.7868532, 0.016304469)"
unsat_5clique_65_1825_12867.cnf,"(0.18352124, 0.004080603)","(0.15624188, 0.008095898)","(0.17347845, 0.005990664)","(0.18804315, 0.0057534175)","(0.48591098, 0.0039944365)","(0.43783665, 0.0032296977)"
unsat_op_90_775_81162.cnf,"(0.21055207, 0.0063871173)","(0.29213923, 0.008897571)","(0.20468533, 0.004798676)","(0.32642147, 0.006034073)","(0.47610864, 0.0040947776)","(0.4737473, 0.004173488)"
sat_dominating_70_1295_27876.cnf,"(0.18725789, 0.005291215)","(0.22680354, 0.011069398)","(0.21648094, 0.0059160558)","(0.2658041, 0.0073763556)","(0.5176023, 0.0044641313)","(0.47888374, 0.0048420196)"
unsat_tiling_20_231_52499.cnf,"(0.44874844, 0.035923913)","(0.32690245, 0.019934088)","(0.5979589, 0.022795362)","(0.7256306, 0.022837583)","(0.75255823, 0.010766064)","(0.58104426, 0.0058197356)"
unsat_cliquecoloring_62_446.cnf,"(0.30407548, 0.010399989)","(0.3456509, 0.011205994)","(0.35365996, 0.011757548)","(0.48856583, 0.0110984575)","(0.57884294, 0.0034834733)","(0.51710457, 0.005675258)"
sat_php_234_997_36616.cnf,"(0.20065777, 0.0067347903)","(0.26841944, 0.0131796785)","(0.23765285, 0.006834133)","(0.3139393, 0.007652984)","(0.52816045, 0.0028997117)","(0.49185857, 0.0024287133)"
unsat_dominating_80_1808_68998.cnf,"(0.18544176, 0.0038222861)","(0.22815847, 0.009030891)","(0.17266312, 0.0033113456)","(0.20857163, 0.005676614)","(0.48745757, 0.0033512383)","(0.4571051, 0.0025154739)"
unsat_matching_60_259_93884.cnf,"(0.44182563, 0.020173032)","(0.34310868, 0.0154653285)","(0.570965, 0.02082529)","(0.710122, 0.025443384)","(0.7289022, 0.008416463)","(0.56951517, 0.010194306)"
unsat_tseitin_20_100_94365.cnf,"(0.589466, 0.021017218)","(0.5346297, 0.022568773)","(0.472286, 0.014019887)","(0.67649305, 0.021619713)","(0.62499624, 0.008802556)","(0.66191894, 0.017297398)"
sat_4color_120_450_33000.cnf,"(0.33046407, 0.018847479)","(0.27817005, 0.007519016)","(0.4315365, 0.01516785)","(0.5343925, 0.016817568)","(0.6500371, 0.0065756557)","(0.5275034, 0.0054078936)"
sat_5color_250_1550_97858.cnf,"(0.18534149, 0.0043157875)","(0.25905114, 0.0117228385)","(0.18619895, 0.0036268325)","(0.24022472, 0.00940786)","(0.4963088, 0.003180405)","(0.4725685, 0.0044661514)"
unsat_dominating_80_1810_56432.cnf,"(0.18686835, 0.003993756)","(0.2441582, 0.012565529)","(0.17290024, 0.0030301688)","(0.21264848, 0.0033249143)","(0.486329, 0.0042771525)","(0.46080646, 0.0031686523)"
sat_tiling_5_19_51205.cnf,"(0.5973979, 0.04657338)","(0.31453317, 0.042583797)","(0.77751684, 0.04933578)","(0.8082415, 0.030784724)","(0.87823355, 0.02441571)","(0.7550732, 0.034136623)"
sat_php_232_978_45755.cnf,"(0.2007829, 0.0072636395)","(0.2625823, 0.009518064)","(0.23870122, 0.006299065)","(0.314951, 0.0067581655)","(0.53058493, 0.004383445)","(0.49092013, 0.004424275)"
unsat_dominating_80_1810_67242.cnf,"(0.18426357, 0.0049218917)","(0.23959967, 0.013397421)","(0.1737912, 0.0039277794)","(0.21266893, 0.007793563)","(0.48707595, 0.0026921607)","(0.46369514, 0.0030205946)"
sat_php_234_997_1553.cnf,"(0.20267048, 0.007717689)","(0.26180536, 0.008955993)","(0.2395136, 0.008533543)","(0.31048906, 0.008433326)","(0.5280696, 0.005376839)","(0.4896182, 0.0073987497)"
sat_subsetcard_64_1792_25143.cnf,"(0.51825464, 0.0028934954)","(0.21341507, 0.0018363673)","(0.05293758, 0.0013192379)","(0.10161711, 0.0032120307)","(0.2649899, 0.0013735861)","(0.2843573, 0.001737992)"
unsat_subsetcard_53_818_50334.cnf,"(0.33022982, 0.0025720622)","(0.40221167, 0.0111090215)","(0.09612429, 0.0046490254)","(0.14341153, 0.0021647837)","(0.30977893, 0.0014788402)","(0.32335502, 0.002459417)"
unsat_tiling_10_124_9529.cnf,"(0.5344886, 0.029754473)","(0.32689443, 0.014157362)","(0.7634913, 0.029815614)","(0.84458685, 0.022072766)","(0.84871197, 0.01856908)","(0.6806528, 0.015176197)"
sat_tseitin_20_118_71779.cnf,"(0.5273589, 0.009076486)","(0.5502368, 0.018625837)","(0.4033842, 0.011717718)","(0.6227224, 0.014950333)","(0.56689084, 0.006153216)","(0.6163073, 0.011881187)"
sat_tiling_10_236_77445.cnf,"(0.45099777, 0.016787617)","(0.3038922, 0.01645354)","(0.60740125, 0.019972624)","(0.7036413, 0.018983549)","(0.7564086, 0.01390692)","(0.5365151, 0.0147632025)"
sat_php_222_895_6.cnf,"(0.2120233, 0.0047750724)","(0.26717955, 0.01009327)","(0.25523216, 0.0062447176)","(0.33582526, 0.008424713)","(0.5375304, 0.0033534043)","(0.4963932, 0.0048325746)"
unsat_dominating_80_1810_66379.cnf,"(0.18599603, 0.0038100004)","(0.24470909, 0.012206593)","(0.16943114, 0.0042131273)","(0.21098566, 0.0058942083)","(0.4845973, 0.0015286405)","(0.45882902, 0.0022182793)"
unsat_cliquecoloring_50_356.cnf,"(0.3419961, 0.013655015)","(0.3612844, 0.012336887)","(0.40305924, 0.010132868)","(0.5553365, 0.012924587)","(0.6081322, 0.007813541)","(0.5310918, 0.010093161)"
unsat_5clique_50_1130_76720.cnf,"(0.1919965, 0.0065628053)","(0.15043958, 0.008133264)","(0.24034187, 0.0052518463)","(0.26147294, 0.0065486464)","(0.53553313, 0.0052024885)","(0.4578812, 0.0042978385)"
unsat_5clique_65_1695_90705.cnf,"(0.18124212, 0.0031498477)","(0.15552326, 0.0045493436)","(0.18221061, 0.005940456)","(0.19761732, 0.00437279)","(0.49441427, 0.0020901328)","(0.44220346, 0.003093593)"
sat_5color_250_1300_97403.cnf,"(0.18751211, 0.0028041468)","(0.25881732, 0.00685964)","(0.20808108, 0.005130733)","(0.27185172, 0.0061031366)","(0.51213026, 0.004579231)","(0.4823494, 0.005931559)"
sat_3clique_30_348_89891.cnf,"(0.37495917, 0.022159692)","(0.22643492, 0.014256682)","(0.5179834, 0.019762952)","(0.5533333, 0.025067057)","(0.7010537, 0.009341798)","(0.48774964, 0.008417756)"
unsat_dominating_80_1810_70888.cnf,"(0.18411912, 0.0036242276)","(0.24000439, 0.013225041)","(0.17212197, 0.0050307666)","(0.21438003, 0.005506304)","(0.48787814, 0.003004618)","(0.4618067, 0.0038817285)"
unsat_5clique_65_1825_42075.cnf,"(0.18339697, 0.0020208908)","(0.1550911, 0.0055862176)","(0.17262246, 0.004696443)","(0.18595067, 0.004299011)","(0.48614636, 0.00266803)","(0.43728915, 0.0033140471)"
sat_4clique_40_664_58622.cnf,"(0.2619516, 0.010740929)","(0.17628124, 0.010289164)","(0.34446546, 0.009807205)","(0.37250274, 0.008125981)","(0.5967326, 0.0039895168)","(0.46920222, 0.0054259948)"
sat_php_224_918_91788.cnf,"(0.20683634, 0.002621972)","(0.26035318, 0.0079841595)","(0.24761097, 0.006024751)","(0.32459006, 0.0068972385)","(0.5306683, 0.005813046)","(0.49331722, 0.004541617)"
sat_dominating_70_1295_25518.cnf,"(0.18687667, 0.0035950153)","(0.21853478, 0.01404603)","(0.2146838, 0.006626742)","(0.26315337, 0.004724499)","(0.5179318, 0.0031861304)","(0.47760254, 0.0023877101)"
sat_php_220_881_91073.cnf,"(0.21121565, 0.006372474)","(0.26774722, 0.008905994)","(0.25996786, 0.0075877314)","(0.34088507, 0.0105896145)","(0.54157394, 0.0028594644)","(0.49750724, 0.0042631975)"
sat_php_227_942_25083.cnf,"(0.20432138, 0.0066208704)","(0.26362985, 0.018491603)","(0.24623299, 0.0079056)","(0.32247168, 0.008508407)","(0.53174806, 0.005550512)","(0.49116343, 0.004907143)"
unsat_matching_40_184_2153.cnf,"(0.5013854, 0.027584767)","(0.3327525, 0.027746033)","(0.67872715, 0.028711174)","(0.7805233, 0.028453643)","(0.79310954, 0.012931303)","(0.6210538, 0.019577691)"
sat_4clique_40_604_39950.cnf,"(0.27596444, 0.010267538)","(0.18350321, 0.009116546)","(0.36917025, 0.010892945)","(0.40176854, 0.010654069)","(0.61108553, 0.006460976)","(0.47493, 0.0077524115)"
unsat_dominating_80_1810_41876.cnf,"(0.18330379, 0.0024728575)","(0.24385414, 0.01311997)","(0.17082831, 0.003997911)","(0.2114068, 0.003718414)","(0.48493552, 0.0025945567)","(0.4614667, 0.0031383277)"
unsat_dominating_80_1810_65972.cnf,"(0.18590304, 0.0039933873)","(0.24058905, 0.006824763)","(0.1731726, 0.0039715027)","(0.21187834, 0.0052443757)","(0.4879397, 0.0035319799)","(0.4617195, 0.00432509)"
unsat_3color_90_480_50860.cnf,"(0.3227462, 0.017197937)","(0.2502355, 0.012583336)","(0.43298826, 0.013613158)","(0.5109979, 0.016620062)","(0.6534805, 0.010183625)","(0.5166279, 0.008036881)"
sat_php_224_908_8740.cnf,"(0.20860398, 0.009118162)","(0.265548, 0.017661724)","(0.25212651, 0.004708961)","(0.32985175, 0.0029808017)","(0.53507084, 0.0036050037)","(0.4931012, 0.0041069584)"
sat_tiling_10_244_40767.cnf,"(0.45527372, 0.020548386)","(0.2951054, 0.01441389)","(0.6128336, 0.01669731)","(0.68455184, 0.014620658)","(0.74876875, 0.007330313)","(0.5290257, 0.005270417)"
unsat_dominating_80_1810_31472.cnf,"(0.18611863, 0.003632362)","(0.2485582, 0.014426238)","(0.1710211, 0.00470453)","(0.21216793, 0.005196959)","(0.48583516, 0.0036901804)","(0.4604171, 0.0046044765)"
sat_3clique_39_666_65351.cnf,"(0.25467202, 0.011599913)","(0.16856971, 0.009756432)","(0.34626922, 0.011521192)","(0.37884718, 0.012073045)","(0.60128826, 0.005443345)","(0.47348842, 0.006587679)"
sat_tiling_10_237_83086.cnf,"(0.45907277, 0.020608626)","(0.2995284, 0.012759809)","(0.6009119, 0.02088399)","(0.67887044, 0.023173105)","(0.74757147, 0.010720448)","(0.5309927, 0.009794123)"
unsat_cliquecoloring_48_493.cnf,"(0.27574196, 0.011456461)","(0.34233588, 0.013303863)","(0.33053175, 0.0067857085)","(0.47074547, 0.010971164)","(0.56563264, 0.0058977553)","(0.5178629, 0.0027606245)"
unsat_dominating_80_1810_60782.cnf,"(0.18892203, 0.0041411733)","(0.23943584, 0.008553621)","(0.17332411, 0.004982024)","(0.21256378, 0.0043131774)","(0.48751372, 0.002458052)","(0.45967072, 0.003468026)"
sat_php_227_936_60065.cnf,"(0.2063591, 0.004134131)","(0.26810747, 0.011762082)","(0.2500272, 0.003990611)","(0.32932284, 0.0053960136)","(0.5364932, 0.0034187515)","(0.49439907, 0.0036376205)"
sat_5clique_50_930_78130.cnf,"(0.21039847, 0.0067066327)","(0.15765467, 0.009209602)","(0.27505752, 0.008550151)","(0.2977437, 0.007849511)","(0.5541706, 0.0044663874)","(0.46668696, 0.0047086524)"
unsat_dominating_80_1810_35210.cnf,"(0.18660034, 0.0048314338)","(0.24801114, 0.016839407)","(0.17282411, 0.006776228)","(0.2119797, 0.003441262)","(0.48587784, 0.003025511)","(0.45927173, 0.0019001033)"
sat_subsetcard_60_2820_18847.cnf,"(0.7849175, 0.002166433)","(0.34206933, 0.00087028247)","(0.024380863, 0.000621329)","(0.06041021, 0.0015954186)","(0.21687022, 0.0011110302)","(0.2355328, 0.0011558204)"
sat_cliquecoloring_50_213.cnf,"(0.46438804, 0.017347706)","(0.35274893, 0.013114641)","(0.54892623, 0.010003225)","(0.65837544, 0.01936353)","(0.70315087, 0.005804175)","(0.5484859, 0.010917208)"
sat_subsetcard_24_84_25143.cnf,"(0.6625045, 0.026720503)","(0.443147, 0.015913581)","(0.6303587, 0.022683844)","(0.7374989, 0.018394947)","(0.7452652, 0.012145219)","(0.6588643, 0.011656334)"
sat_dominating_60_970_56272.cnf,"(0.20373294, 0.005687729)","(0.2240303, 0.01249164)","(0.2624315, 0.008293347)","(0.32194263, 0.0075947065)","(0.54945743, 0.004278255)","(0.49242145, 0.0034723508)"
unsat_php_95_878_22166.cnf,"(0.21347272, 0.0058714407)","(0.19779067, 0.005466169)","(0.28499156, 0.0054532196)","(0.3322339, 0.0060081095)","(0.56277597, 0.00442543)","(0.48419118, 0.0051416066)"
unsat_dominating_80_1810_95248.cnf,"(0.18218884, 0.0032237335)","(0.23777291, 0.012212104)","(0.17140408, 0.0035550764)","(0.21226975, 0.00529903)","(0.48689932, 0.004160023)","(0.46296796, 0.003013106)"
unsat_php_101_509_5311.cnf,"(0.30799565, 0.008771009)","(0.25880414, 0.012082711)","(0.40375143, 0.008973097)","(0.48234528, 0.011338817)","(0.6290396, 0.005076806)","(0.50839263, 0.0043697483)"
sat_tseitin_20_142_20074.cnf,"(0.45017952, 0.0073950454)","(0.5389098, 0.0148626035)","(0.31815013, 0.009440139)","(0.5228257, 0.016740037)","(0.4978494, 0.00662119)","(0.5386321, 0.009084641)"
sat_3clique_30_378_90705.cnf,"(0.37963587, 0.015404631)","(0.22783601, 0.009518611)","(0.4970971, 0.009664681)","(0.53898704, 0.0153725045)","(0.68891734, 0.0064747133)","(0.47906685, 0.009678511)"
unsat_tiling_20_258_54906.cnf,"(0.42936793, 0.018581647)","(0.31728932, 0.0116622895)","(0.56796134, 0.014142832)","(0.68501645, 0.013629609)","(0.7319702, 0.010535385)","(0.5481047, 0.008568376)"
sat_php_213_828_16930.cnf,"(0.21802744, 0.005648589)","(0.27191335, 0.010334187)","(0.26932505, 0.004414732)","(0.35196298, 0.010238661)","(0.5459293, 0.005409608)","(0.49995106, 0.0052065332)"
sat_php_225_926_92838.cnf,"(0.21031228, 0.0076432857)","(0.26990733, 0.012929926)","(0.25019664, 0.0043337042)","(0.3298011, 0.0075654355)","(0.5360769, 0.00390799)","(0.49622542, 0.00420986)"
sat_php_233_990_95853.cnf,"(0.20106065, 0.0056019914)","(0.26265332, 0.014548888)","(0.23941286, 0.006499291)","(0.31267366, 0.0041791834)","(0.5283128, 0.0034997999)","(0.49225706, 0.004413404)"
unsat_tseitin_40_496_30847.cnf,"(0.39635578, 0.0037167522)","(0.25415233, 0.0036194723)","(0.08666524, 0.0026958906)","(0.16338582, 0.0040756944)","(0.27084965, 0.0029190092)","(0.2881639, 0.005422705)"
unsat_cliquecoloring_45_350.cnf,"(0.35231203, 0.012863409)","(0.35770893, 0.014982736)","(0.41745082, 0.0114563)","(0.5624929, 0.01525447)","(0.621095, 0.0044036517)","(0.5332728, 0.006674648)"
unsat_5clique_65_1825_60066.cnf,"(0.18252413, 0.0048255646)","(0.15715717, 0.0043964363)","(0.17420873, 0.006542095)","(0.18619078, 0.0040433705)","(0.48580495, 0.0037239804)","(0.43833598, 0.0028247698)"
sat_op_45_249_69595.cnf,"(0.40099064, 0.009902447)","(0.46227804, 0.015277459)","(0.4414835, 0.009857493)","(0.67304873, 0.013315243)","(0.62020606, 0.005159033)","(0.5773708, 0.009296294)"
sat_5color_250_1300_69384.cnf,"(0.18801913, 0.0059334533)","(0.25537747, 0.015320032)","(0.20960705, 0.003839682)","(0.27141905, 0.00790725)","(0.5113109, 0.003278605)","(0.48248053, 0.0036573175)"
sat_cliquecoloring_55_227.cnf,"(0.4641873, 0.022046236)","(0.3205656, 0.011640399)","(0.54273593, 0.018109882)","(0.62501705, 0.02133307)","(0.7040938, 0.008374325)","(0.5070151, 0.0105225155)"
unsat_php_184_1627_40264.cnf,"(0.18547626, 0.0027394602)","(0.23471646, 0.012492809)","(0.18247072, 0.0040925625)","(0.22036496, 0.0052578263)","(0.49032646, 0.0019049558)","(0.4589011, 0.0031535404)"
sat_5color_50_260_2076.cnf,"(0.44503412, 0.021423038)","(0.28389537, 0.013880761)","(0.5940515, 0.023061471)","(0.66500944, 0.02526606)","(0.74602044, 0.012235138)","(0.510083, 0.0083507765)"
unsat_tiling_20_793_2570.cnf,"(0.22419104, 0.0065881168)","(0.25359792, 0.015372223)","(0.28899807, 0.004984877)","(0.36908478, 0.0088900495)","(0.5594574, 0.003209635)","(0.50395125, 0.003723283)"
sat_cliquecoloring_99_561.cnf,"(0.25488132, 0.005695006)","(0.3238768, 0.011277792)","(0.28232783, 0.0075914483)","(0.39198706, 0.0074566505)","(0.53321564, 0.003972238)","(0.48898345, 0.005642203)"
sat_4clique_40_604_65687.cnf,"(0.27691373, 0.0124902055)","(0.1830574, 0.009382048)","(0.37066627, 0.008161933)","(0.40382606, 0.009540165)","(0.6109444, 0.0049642534)","(0.47498798, 0.0048635635)"
sat_3clique_30_378_78502.cnf,"(0.37175044, 0.018585907)","(0.22163329, 0.012970558)","(0.49372822, 0.015737917)","(0.53239876, 0.014376937)","(0.6889169, 0.007590853)","(0.47736582, 0.010128325)"
unsat_php_186_1660_24423.cnf,"(0.18656376, 0.0033255834)","(0.23199455, 0.010207486)","(0.17619523, 0.0035627894)","(0.21661904, 0.0038652057)","(0.48748428, 0.0021981504)","(0.45644102, 0.0025705632)"
sat_php_229_956_22166.cnf,"(0.20333913, 0.007024589)","(0.26115447, 0.011890465)","(0.24873805, 0.0044950307)","(0.3219493, 0.0055950503)","(0.53330946, 0.0036018922)","(0.49032396, 0.004288184)"
unsat_op_20_74_63750.cnf,"(0.6451395, 0.023480823)","(0.40880615, 0.025097532)","(0.77431333, 0.03438426)","(0.8768215, 0.040814526)","(0.84849423, 0.0113728605)","(0.75689805, 0.020932533)"
unsat_dominating_80_1810_66626.cnf,"(0.1884356, 0.0051954133)","(0.24626248, 0.008339807)","(0.17161731, 0.005111488)","(0.21185617, 0.0051524863)","(0.483461, 0.0033675365)","(0.45908967, 0.0032306428)"
sat_op_45_249_85625.cnf,"(0.41139024, 0.021739827)","(0.46776944, 0.017193273)","(0.4440363, 0.01310964)","(0.6836644, 0.017144617)","(0.6315416, 0.006723284)","(0.5907738, 0.008881283)"
sat_cliquecoloring_80_524.cnf,"(0.2745536, 0.009011784)","(0.30452758, 0.017809216)","(0.3237818, 0.0095462045)","(0.4254964, 0.009734303)","(0.5641813, 0.0062808096)","(0.49727744, 0.005231881)"
sat_subsetcard_24_84_64525.cnf,"(0.66977745, 0.022311872)","(0.4417642, 0.012132135)","(0.6383662, 0.025177546)","(0.7476333, 0.026144832)","(0.75295705, 0.016299617)","(0.67949474, 0.018888695)"
unsat_op_45_248_4041.cnf,"(0.40636033, 0.0098748775)","(0.44797507, 0.018529773)","(0.45390058, 0.012914333)","(0.68730986, 0.021363266)","(0.63703287, 0.004473189)","(0.59128314, 0.0061160154)"
unsat_dominating_80_1809_49226.cnf,"(0.18346116, 0.003910391)","(0.22265236, 0.0071636876)","(0.17597036, 0.0062690675)","(0.20914027, 0.0066155954)","(0.4883141, 0.003382396)","(0.457726, 0.0027350578)"
sat_cliquecoloring_45_137.cnf,"(0.54877836, 0.026782237)","(0.3565116, 0.016463984)","(0.65042126, 0.026058977)","(0.7499291, 0.033234518)","(0.7724903, 0.019707568)","(0.61785656, 0.009883648)"
unsat_matching_60_271_39143.cnf,"(0.43411478, 0.02104709)","(0.33232915, 0.024188535)","(0.5609027, 0.024023028)","(0.6933169, 0.024654122)","(0.7239089, 0.007755303)","(0.55793285, 0.007087027)"
unsat_cliquecoloring_45_248.cnf,"(0.45027703, 0.014792206)","(0.33310738, 0.0153694935)","(0.53962827, 0.01621086)","(0.65241873, 0.017302696)","(0.7066738, 0.0055723703)","(0.530753, 0.012698921)"
sat_matching_60_251_14901.cnf,"(0.439104, 0.027978515)","(0.33484453, 0.020361973)","(0.57481325, 0.019904919)","(0.7117658, 0.021551976)","(0.7394763, 0.009484184)","(0.5694047, 0.006646458)"
sat_dominating_70_1295_31472.cnf,"(0.18549863, 0.0056039863)","(0.22165196, 0.013321736)","(0.21558535, 0.007022945)","(0.2654169, 0.008159718)","(0.5202219, 0.0025498245)","(0.47890615, 0.0042707063)"
sat_3clique_30_408_50315.cnf,"(0.35797122, 0.021446846)","(0.21763301, 0.014911798)","(0.47185057, 0.018529585)","(0.5119442, 0.017751338)","(0.67837554, 0.008693662)","(0.4811054, 0.0067061763)"
sat_subsetcard_36_360_58681.cnf,"(0.2853, 0.00916865)","(0.41493043, 0.008750063)","(0.2454963, 0.004616934)","(0.42393112, 0.007744039)","(0.45833248, 0.0048818225)","(0.45744467, 0.007221798)"
sat_5color_100_520_97350.cnf,"(0.29922405, 0.0135466205)","(0.2526906, 0.011983885)","(0.39176053, 0.016044542)","(0.473735, 0.014615289)","(0.62317806, 0.008273523)","(0.50638354, 0.0068256273)"
sat_tseitin_20_130_36501.cnf,"(0.48516384, 0.012079521)","(0.538523, 0.017841611)","(0.3543167, 0.012665938)","(0.55277777, 0.018281016)","(0.52491045, 0.005675049)","(0.5668184, 0.009592952)"
unsat_tseitin_20_146_24277.cnf,"(0.4467934, 0.010150303)","(0.5386672, 0.0133879315)","(0.3067485, 0.0062185433)","(0.5091782, 0.013179955)","(0.49012518, 0.0052937553)","(0.530909, 0.01012128)"
sat_subsetcard_60_2820_22665.cnf,"(0.78357536, 0.0014359758)","(0.34136602, 0.0014326603)","(0.023577008, 0.00034751705)","(0.061367106, 0.001526538)","(0.21578911, 0.0010255121)","(0.23526204, 0.0010178565)"
sat_tseitin_30_468_86187.cnf,"(0.3712493, 0.0036174187)","(0.26257724, 0.0036933853)","(0.09603231, 0.0041745882)","(0.18111543, 0.0044406536)","(0.28287, 0.0042388495)","(0.3001435, 0.005166681)"
unsat_cliquecoloring_37_230.cnf,"(0.45702487, 0.035003)","(0.32404685, 0.014535658)","(0.577528, 0.02385945)","(0.6830559, 0.025282588)","(0.73291063, 0.010324405)","(0.5501711, 0.012664699)"
unsat_dominating_80_1810_96282.cnf,"(0.18654858, 0.005664177)","(0.2416559, 0.012238024)","(0.1710845, 0.0039848615)","(0.21195802, 0.0054388326)","(0.48532486, 0.0025807659)","(0.46109787, 0.0048737694)"
unsat_dominating_80_1810_40273.cnf,"(0.18481404, 0.0028365662)","(0.2479218, 0.018131468)","(0.16937122, 0.0029021646)","(0.20828617, 0.006415088)","(0.48540464, 0.0028040775)","(0.4598766, 0.0021010318)"
sat_subsetcard_12_72_25143.cnf,"(0.69835484, 0.022838702)","(0.48362857, 0.01852985)","(0.68200505, 0.020336604)","(0.84291106, 0.02305023)","(0.7811452, 0.014322386)","(0.77314776, 0.017643785)"
sat_op_28_119_74214.cnf,"(0.5782526, 0.03126536)","(0.45787287, 0.013949225)","(0.6284158, 0.027435375)","(0.82021916, 0.0241353)","(0.7588061, 0.012361806)","(0.73429716, 0.019696865)"
sat_4clique_32_404_34389.cnf,"(0.3554442, 0.011338497)","(0.21292207, 0.0071958816)","(0.47706452, 0.014767397)","(0.51158077, 0.009868863)","(0.6774211, 0.0070246565)","(0.4794628, 0.009086073)"
unsat_5clique_65_1955_91681.cnf,"(0.18557766, 0.0016435228)","(0.16105342, 0.009124895)","(0.1656049, 0.0025430347)","(0.17743985, 0.0044961297)","(0.47892803, 0.0037221883)","(0.43442494, 0.0030920033)"
unsat_php_96_450_86266.cnf,"(0.3272792, 0.012599257)","(0.26580054, 0.015786147)","(0.43191677, 0.013104791)","(0.51896274, 0.013384398)","(0.6476114, 0.010563474)","(0.51029503, 0.0067720735)"
sat_5color_250_1050_96558.cnf,"(0.1970574, 0.003629509)","(0.27282435, 0.0125780795)","(0.24172258, 0.0071840463)","(0.32088938, 0.0044150255)","(0.5311138, 0.003237852)","(0.49777037, 0.004532061)"
unsat_dominating_40_455_87000.cnf,"(0.33609593, 0.011330264)","(0.262443, 0.0069142473)","(0.44174185, 0.015290752)","(0.5243331, 0.013517727)","(0.65484756, 0.0054059415)","(0.5157484, 0.0075268275)"
unsat_tiling_20_101_58566.cnf,"(0.5449545, 0.03806154)","(0.33299273, 0.018818121)","(0.8058748, 0.023931548)","(0.8849791, 0.028531043)","(0.877511, 0.012387559)","(0.7492868, 0.022289095)"
unsat_dominating_50_690_38469.cnf,"(0.24948363, 0.009597275)","(0.22719117, 0.0109392)","(0.33976826, 0.012056451)","(0.4112853, 0.008070482)","(0.59748656, 0.007541456)","(0.5024967, 0.008061941)"
sat_php_220_876_45650.cnf,"(0.21386123, 0.006737649)","(0.26314363, 0.013589265)","(0.25765684, 0.005187187)","(0.33641845, 0.0058181365)","(0.539451, 0.0039789714)","(0.49443847, 0.0064244294)"
unsat_php_97_451_21992.cnf,"(0.32961315, 0.012868577)","(0.26643336, 0.017185714)","(0.42963642, 0.013473481)","(0.51208776, 0.011584693)","(0.6472917, 0.0062516816)","(0.5137113, 0.0074612764)"
unsat_dominating_80_1810_71978.cnf,"(0.18396471, 0.002270979)","(0.24571168, 0.00948764)","(0.16898915, 0.004344374)","(0.21164446, 0.0033152201)","(0.48623824, 0.0043934663)","(0.46262187, 0.0032630735)"
unsat_dominating_80_1810_52694.cnf,"(0.18593323, 0.0054924767)","(0.24491897, 0.007171573)","(0.17206916, 0.0050098794)","(0.21125083, 0.005752545)","(0.48521036, 0.00224979)","(0.45888337, 0.0026598533)"
sat_php_226_932_62209.cnf,"(0.20571601, 0.0049700146)","(0.26848322, 0.011985849)","(0.2517768, 0.008315837)","(0.33118778, 0.00602122)","(0.53373784, 0.004458631)","(0.49344698, 0.004890946)"
unsat_dominating_80_1810_77484.cnf,"(0.18678328, 0.0029498087)","(0.24934323, 0.0125489095)","(0.1708791, 0.005098254)","(0.21531244, 0.0043401723)","(0.4868761, 0.0025689416)","(0.46134338, 0.0049281176)"
unsat_4color_40_190_72085.cnf,"(0.48692256, 0.028643122)","(0.2971909, 0.012715291)","(0.68659556, 0.03231104)","(0.761335, 0.025714517)","(0.80413294, 0.013163669)","(0.5731486, 0.017036702)"
sat_php_234_995_88781.cnf,"(0.19910666, 0.0037126066)","(0.26313746, 0.01541677)","(0.24008092, 0.006290773)","(0.31337097, 0.0059981886)","(0.5271268, 0.002426523)","(0.49080387, 0.0027990963)"
unsat_dominating_80_1809_21835.cnf,"(0.18179563, 0.004067661)","(0.22322647, 0.009674537)","(0.17251289, 0.004701577)","(0.20712936, 0.0044717835)","(0.4880681, 0.002428459)","(0.45944753, 0.0031462442)"
sat_php_229_951_42801.cnf,"(0.2051098, 0.0061592488)","(0.26455343, 0.014462347)","(0.24491873, 0.005691641)","(0.32345203, 0.007815891)","(0.53061515, 0.0029591941)","(0.49237156, 0.003539389)"
sat_op_28_119_84304.cnf,"(0.5781777, 0.022570146)","(0.4613595, 0.023409614)","(0.6220718, 0.020155879)","(0.81499034, 0.020933025)","(0.7454643, 0.010252863)","(0.7262219, 0.01704041)"
unsat_op_90_775_82061.cnf,"(0.21059553, 0.003601267)","(0.2967372, 0.007386313)","(0.20263553, 0.004867947)","(0.3254667, 0.004484631)","(0.47112378, 0.0040092245)","(0.47230464, 0.0028819637)"
unsat_cliquecoloring_36_176.cnf,"(0.5089725, 0.023265222)","(0.36062288, 0.017883006)","(0.623505, 0.023602525)","(0.74962866, 0.01731567)","(0.75686556, 0.011979512)","(0.6145325, 0.0065790433)"
sat_php_224_911_4195.cnf,"(0.20431015, 0.0058890325)","(0.25972822, 0.014778253)","(0.254745, 0.0024731348)","(0.33104625, 0.0053095412)","(0.53661746, 0.0022814202)","(0.4949512, 0.005792784)"
unsat_dominating_80_1810_53707.cnf,"(0.18247958, 0.0031932825)","(0.22603972, 0.0064872056)","(0.17402172, 0.0060438784)","(0.21036944, 0.006163342)","(0.48881918, 0.00324583)","(0.45809102, 0.0030417873)"
sat_subsetcard_12_36_64659.cnf,"(0.7935762, 0.02570591)","(0.42533088, 0.01715964)","(0.7546694, 0.040418427)","(0.7871451, 0.039704904)","(0.83248967, 0.028872496)","(0.6967687, 0.029193925)"
sat_subsetcard_80_2240_22665.cnf,"(0.69959855, 0.0018725169)","(0.4204471, 0.0018992661)","(0.031654198, 0.0011658679)","(0.0681462, 0.0020200543)","(0.22644106, 0.0013026993)","(0.24605624, 0.0014334522)"
unsat_op_90_775_64509.cnf,"(0.20855935, 0.0023083384)","(0.2927869, 0.008368872)","(0.20897746, 0.00365748)","(0.33077243, 0.0048732082)","(0.4769353, 0.003972959)","(0.4760581, 0.00480734)"
unsat_dominating_80_1810_49226.cnf,"(0.18411073, 0.0041792477)","(0.24323988, 0.012667098)","(0.17146684, 0.0044707567)","(0.21411243, 0.0065564625)","(0.48743835, 0.0039867186)","(0.46255636, 0.0014896346)"
sat_php_223_901_21286.cnf,"(0.20857136, 0.005926253)","(0.26631072, 0.0103429435)","(0.25063977, 0.006068514)","(0.33103624, 0.008871936)","(0.53763276, 0.0037929958)","(0.4960428, 0.005104512)"
unsat_5clique_65_1955_42480.cnf,"(0.18669704, 0.0042286837)","(0.15611199, 0.007579207)","(0.1658918, 0.0051330407)","(0.17887445, 0.0049379137)","(0.48091048, 0.0018518775)","(0.4345672, 0.0028724337)"
unsat_op_45_248_69595.cnf,"(0.40985876, 0.022796836)","(0.4608972, 0.011795275)","(0.46213445, 0.012203577)","(0.69086426, 0.0085353255)","(0.6373119, 0.004548919)","(0.59255725, 0.01154218)"
unsat_tseitin_30_568_54824.cnf,"(0.45813885, 0.00399766)","(0.24929118, 0.0040018675)","(0.070243105, 0.002643724)","(0.13696541, 0.0026654003)","(0.24963717, 0.0036730499)","(0.27292454, 0.0068997885)"
unsat_tseitin_40_292_99809.cnf,"(0.3010216, 0.008246834)","(0.40403932, 0.013413211)","(0.19422497, 0.006933124)","(0.3422907, 0.0059319306)","(0.39291793, 0.004925275)","(0.39161748, 0.004457563)"
unsat_cliquecoloring_54_673.cnf,"(0.22565222, 0.00533994)","(0.3353981, 0.008691522)","(0.25255194, 0.0064408365)","(0.38474894, 0.008211953)","(0.5161711, 0.004882324)","(0.50113535, 0.0038677)"
unsat_dominating_50_689_11317.cnf,"(0.24919543, 0.010344071)","(0.22063088, 0.007495309)","(0.3375553, 0.008267836)","(0.40521425, 0.010096295)","(0.5967897, 0.004139005)","(0.50138044, 0.006121153)"
unsat_matching_80_365_47440.cnf,"(0.35973817, 0.023819871)","(0.32341966, 0.015523948)","(0.4770108, 0.013412635)","(0.61729395, 0.014766012)","(0.6746929, 0.00771887)","(0.55834293, 0.0050222203)"
sat_tiling_5_17_36057.cnf,"(0.56142914, 0.10684284)","(0.28579342, 0.057014387)","(0.8277291, 0.050415166)","(0.83360803, 0.049935963)","(0.9034626, 0.014629516)","(0.748971, 0.031157948)"
unsat_matching_80_363_61838.cnf,"(0.37055215, 0.014363219)","(0.32106382, 0.0148489475)","(0.4805189, 0.0136520825)","(0.61511743, 0.010700458)","(0.67384994, 0.006352913)","(0.55461806, 0.008302881)"
unsat_tseitin_30_452_52851.cnf,"(0.36184195, 0.003938246)","(0.26672763, 0.004358415)","(0.09969268, 0.0030588463)","(0.18906859, 0.006504443)","(0.2895821, 0.0034257753)","(0.30564195, 0.002823943)"
sat_3clique_24_255_7737.cnf,"(0.4353598, 0.017461244)","(0.25094613, 0.00836819)","(0.62252223, 0.018174095)","(0.66029245, 0.018695831)","(0.76327837, 0.0065507037)","(0.49500918, 0.010778264)"
sat_subsetcard_60_2820_25143.cnf,"(0.78316396, 0.0034189033)","(0.34106636, 0.0014254136)","(0.024353653, 0.0011469298)","(0.06074602, 0.0012515063)","(0.21649173, 0.001074358)","(0.23488858, 0.0012509591)"
unsat_dominating_40_455_28307.cnf,"(0.32789892, 0.013796121)","(0.25437742, 0.0066052615)","(0.43967652, 0.010308175)","(0.5279523, 0.01102537)","(0.6593078, 0.0041224123)","(0.51519144, 0.00718876)"
unsat_dominating_80_1809_635.cnf,"(0.1841824, 0.0037591062)","(0.22439675, 0.011108005)","(0.17513101, 0.0054884083)","(0.20721214, 0.006424353)","(0.48619232, 0.0021016698)","(0.45672464, 0.0029895685)"
unsat_dominating_40_455_87187.cnf,"(0.3328313, 0.011036772)","(0.2584194, 0.014493963)","(0.44461885, 0.012148443)","(0.5258214, 0.014190138)","(0.6589262, 0.007270771)","(0.5151447, 0.007401215)"
sat_op_45_249_90577.cnf,"(0.40175828, 0.012755221)","(0.4600789, 0.015139895)","(0.43698874, 0.011369823)","(0.6532926, 0.017034)","(0.61992973, 0.0069705015)","(0.5776022, 0.0074036797)"
sat_tseitin_30_424_85097.cnf,"(0.3463077, 0.002467506)","(0.27931905, 0.0030333523)","(0.10590013, 0.004010496)","(0.20290251, 0.0053703235)","(0.30066425, 0.0032955303)","(0.31229115, 0.0024909494)"
sat_php_188_804_77056.cnf,"(0.22374895, 0.008560057)","(0.2578947, 0.007718463)","(0.27775267, 0.006085777)","(0.35919157, 0.005741931)","(0.55190337, 0.0053856354)","(0.49823016, 0.0039423225)"
sat_5color_250_1300_43143.cnf,"(0.18633269, 0.0032950921)","(0.25467443, 0.015913172)","(0.20728762, 0.0048955055)","(0.26973802, 0.004420431)","(0.50995344, 0.003494467)","(0.48156223, 0.0035045405)"
unsat_dominating_80_1810_64806.cnf,"(0.1856405, 0.002784104)","(0.25357723, 0.012651827)","(0.17107835, 0.0051887436)","(0.21037635, 0.0040435363)","(0.48493218, 0.0040250183)","(0.46041936, 0.004656028)"
unsat_dominating_80_1809_18472.cnf,"(0.18286197, 0.0042902282)","(0.22680235, 0.016046671)","(0.17500259, 0.0056296615)","(0.20919542, 0.0035235106)","(0.48890552, 0.004174643)","(0.45830783, 0.0041626957)"
unsat_subsetcard_31_129_84276.cnf,"(0.568581, 0.027518231)","(0.48228294, 0.018723685)","(0.59209603, 0.017278964)","(0.8008832, 0.014328732)","(0.7179264, 0.0069461027)","(0.7041747, 0.008041987)"
sat_dominating_60_970_53707.cnf,"(0.20016816, 0.0070906263)","(0.22201915, 0.021682331)","(0.26359048, 0.0047907378)","(0.32189268, 0.0050206473)","(0.5489138, 0.0039634416)","(0.49288648, 0.00475901)"
sat_4clique_32_356_68014.cnf,"(0.3791029, 0.015500352)","(0.23026764, 0.0055097)","(0.5143701, 0.017233282)","(0.5544123, 0.02041343)","(0.6965936, 0.009746458)","(0.48118538, 0.009679865)"
sat_php_227_937_64655.cnf,"(0.20408902, 0.0052531757)","(0.267555, 0.011815938)","(0.2498004, 0.0052048718)","(0.3250478, 0.006474041)","(0.53335446, 0.004395476)","(0.49259943, 0.004804806)"
unsat_dominating_80_1810_71068.cnf,"(0.18527992, 0.0033996499)","(0.25283077, 0.014212038)","(0.17206185, 0.0030510563)","(0.21159244, 0.0050941515)","(0.48604974, 0.003361998)","(0.4605772, 0.0035488415)"
sat_cliquecoloring_69_305.cnf,"(0.39330035, 0.015223934)","(0.29565063, 0.009701173)","(0.45468396, 0.017465945)","(0.5391776, 0.011280029)","(0.64182186, 0.005847388)","(0.47680894, 0.008126669)"
unsat_tseitin_40_296_55226.cnf,"(0.3057492, 0.007690493)","(0.39686298, 0.01191095)","(0.1806521, 0.008102095)","(0.3207666, 0.0056282356)","(0.37918037, 0.00612581)","(0.37915736, 0.0030148067)"
unsat_dominating_80_1810_63476.cnf,"(0.18553339, 0.004843205)","(0.24063861, 0.010681477)","(0.17348894, 0.005712719)","(0.2093142, 0.0042927135)","(0.48516408, 0.0038460987)","(0.4609611, 0.004423444)"
unsat_dominating_40_455_67184.cnf,"(0.32908875, 0.011884857)","(0.25947756, 0.014727391)","(0.44636306, 0.0091033885)","(0.5274757, 0.010566021)","(0.65772206, 0.0058135777)","(0.51687086, 0.0092715)"
unsat_dominating_80_1810_67184.cnf,"(0.18317468, 0.002486765)","(0.24341042, 0.01569159)","(0.17390731, 0.003550204)","(0.2114733, 0.004068785)","(0.48738104, 0.0032809682)","(0.46213236, 0.00508978)"
