Instance,Original clu. VIG,Original clu. LIG,Original mod. VIG,Original mod. LIG,Original mod. VCG,Original mod. LCG,EGNN2S clu. VIG,EGNN2S clu. LIG,EGNN2S mod. VIG,EGNN2S mod. LIG,EGNN2S mod. VCG,EGNN2S mod. LCG,G2SAT clu. VIG,G2SAT clu. LIG,G2SAT mod. VIG,G2SAT mod. LIG,G2SAT mod. VCG,G2SAT mod. LCG,W2SAT clu. VIG,W2SAT clu. LIG,W2SAT mod. VIG,W2SAT mod. LIG,W2SAT mod. VCG,W2SAT mod. LCG,Allo-GWAE2SAT clu. VIG,Allo-GWAE2SAT clu. LIG,Allo-GWAE2SAT mod. VIG,Allo-GWAE2SAT mod. LIG,Allo-GWAE2SAT mod. VCG,Allo-GWAE2SAT mod. LCG,Auto-GWAE2SAT clu. VIG,Auto-GWAE2SAT clu. LIG,Auto-GWAE2SAT mod. VIG,Auto-GWAE2SAT mod. LIG,Auto-GWAE2SAT mod. VCG,Auto-GWAE2SAT mod. LCG
unsat_tiling_20_102_21063.cnf,0.6768434343434344,0.6768434343434344,0.24546101815592725,0.5780526877892488,0.5162228954081632,0.5539423676325684,"(0.89104474, 0.008436055)","(0.83466244, 0.019201359)","(0.5137617, 0.013046431)","(0.47133946, 0.036189195)","(0.5297054, 0.016835432)","(0.5037713, 0.013369812)","(0.62928575, 0.027664386)","(0.59924996, 0.044166584)","(0.5778146, 0.03438047)","(0.8243125, 0.018577017)","(0.68269175, 0.007837588)","(0.6638783, 0.023388892)","(0.6713314, 0.043704133)","(0.57218343, 0.01960393)","(0.24029961, 0.025428649)","(0.5773541, 0.010859233)","(0.4872314, 0.008029985)","(0.56502426, 0.008395279)","(0.05851671, 0.17233333)","(0.03637249, 0.1078604)","(0.85918504, 0.05366358)","(0.8757167, 0.05059775)","(0.98074037, 0.030452995)","(0.934363, 0.06302831)","(0.06727063, 0.18037388)","(0.042726412, 0.11888173)","(0.88875186, 0.0441715)","(0.8993511, 0.024782458)","(0.9745719, 0.045555353)","(0.91627234, 0.07265541)"
unsat_tseitin_40_266_90515.cnf,0.4899549062049061,0.4688207638594634,0.427984693877551,0.4305151898239258,0.6071615258996979,0.5355096741891177,"(0.73057926, 0.004057293)","(0.73093534, 0.0074826996)","(0.15553674, 0.00522668)","(0.1882979, 0.0069024498)","(0.2342833, 0.0061257575)","(0.2562951, 0.011323166)","(0.8526038, 0.02316878)","(0.8669447, 0.024964964)","(0.6046618, 0.023361241)","(0.77992165, 0.017924711)","(0.62812436, 0.0038047887)","(0.69400656, 0.00311757)","(0.530711, 0.037261747)","(0.45551547, 0.034595378)","(0.3890976, 0.02575894)","(0.43476802, 0.017196454)","(0.6104728, 0.009380266)","(0.56387424, 0.015727801)","(0.16223474, 0.057453502)","(0.15549216, 0.09629379)","(0.6263282, 0.1470329)","(0.84674674, 0.16990879)","(0.8159467, 0.14265849)","(0.79184616, 0.13719478)","(0.19876614, 0.048465215)","(0.23781812, 0.071202695)","(0.47235113, 0.097182706)","(0.72419703, 0.13073167)","(0.7330682, 0.11742397)","(0.7151073, 0.11164389)"
unsat_tiling_20_782_63634.cnf,0.9753078775369796,0.9753078775369793,0.0,0.5,0.40912968519253234,0.4926417182522532,"(0.89316845, 0.0035474324)","(0.87943316, 0.0037162637)","(0.567552, 0.010966012)","(0.55564576, 0.015375933)","(0.5510942, 0.0059296796)","(0.5545906, 0.006889514)","(0.6182857, 0.0607968)","(0.5871071, 0.03647187)","(0.45829242, 0.01681983)","(0.7646646, 0.01621107)","(0.78108823, 0.004219401)","(0.8177105, 0.0037274393)","(0.9994737, 0.0016643541)","(0.9691758, 0.0044727563)","(0.0, 0.0)","(0.49834552, 0.0013961807)","(0.33334783, 0.0040075486)","(0.47817603, 0.002820862)","(0.15562865, 0.029414808)","(0.12960404, 0.053232014)","(0.52851284, 0.09293577)","(0.63555187, 0.09404589)","(0.76753604, 0.07428827)","(0.6877824, 0.06627202)","(0.18302763, 0.01846084)","(0.1804982, 0.032201946)","(0.4046864, 0.04425283)","(0.5141554, 0.055490203)","(0.68550265, 0.04697619)","(0.62288684, 0.04279281)"
unsat_cliquecoloring_27_131.cnf,0.7324074074074078,0.8745370370370366,0.2431517389966144,0.484733727810651,0.4250180558818666,0.44693974588135854,"(0.77607286, 0.02025681)","(0.7410138, 0.025003524)","(0.5141897, 0.024675844)","(0.49025768, 0.0344823)","(0.45902452, 0.021503545)","(0.44861966, 0.014137254)","(0.8538688, 0.039973885)","(0.6610835, 0.12623155)","(0.34637502, 0.02554432)","(0.50675994, 0.039745703)","(0.58213603, 0.010327003)","(0.49671474, 0.011772246)","(0.66533405, 0.032460276)","(0.51503503, 0.028833408)","(0.19174913, 0.015985548)","(0.47444025, 0.024259048)","(0.44309035, 0.031230027)","(0.4881239, 0.043189354)","(0.06568055, 0.16860193)","(0.041784827, 0.111738324)","(0.8978384, 0.06719689)","(0.9183512, 0.038808152)","(0.97284126, 0.055218574)","(0.9229388, 0.08704941)","(0.08081944, 0.16500019)","(0.05350564, 0.12216385)","(0.9086224, 0.08892446)","(0.9301497, 0.044364482)","(0.96717966, 0.0663841)","(0.9055212, 0.08254662)"
sat_5color_100_420_10212.cnf,0.28587662337662295,0.642938311688312,0.526171875,0.7350347222222222,0.7334345679012346,0.6156037037037038,"(0.62857974, 0.005896409)","(0.5889548, 0.0104862265)","(0.817696, 0.002204098)","(0.7660278, 0.008563026)","(0.51145667, 0.009117953)","(0.49285936, 0.013654477)","(0.6158098, 0.01394509)","(0.44788942, 0.020112593)","(0.71386373, 0.014510142)","(0.77459824, 0.0136073865)","(0.7974111, 0.003515312)","(0.7243966, 0.0060656723)","(0.32266468, 0.015161134)","(0.5591858, 0.014412299)","(0.4965895, 0.017928047)","(0.67286146, 0.01182611)","(0.7002239, 0.004841662)","(0.6409687, 0.00558399)","(0.09787353, 0.09016895)","(0.06250624, 0.07041885)","(0.8558011, 0.14236176)","(0.8943597, 0.12571447)","(0.92916507, 0.096586555)","(0.7927548, 0.098298036)","(0.14327778, 0.07142801)","(0.0978661, 0.061410997)","(0.75251937, 0.11488834)","(0.83298063, 0.11340409)","(0.87902576, 0.081873246)","(0.7338423, 0.0737897)"
unsat_matching_80_361_40622.cnf,0.5177123570873572,0.5177123570873573,0.4917200339493075,0.5968592068207245,0.6714793569466103,0.6144478442453503,"(0.77279013, 0.008057997)","(0.67763376, 0.005183013)","(0.8942602, 0.0015985332)","(0.802837, 0.0071289307)","(0.53118783, 0.011922748)","(0.5118885, 0.004255077)","(0.81930625, 0.024094764)","(0.6004653, 0.028941017)","(0.86028975, 0.0031739143)","(0.9214083, 0.0033880072)","(0.8915389, 0.0006101266)","(0.8076469, 0.01024228)","(0.40168887, 0.0157959)","(0.35744435, 0.019525003)","(0.38066858, 0.013001915)","(0.5621553, 0.008345941)","(0.61093104, 0.007939254)","(0.58952254, 0.009998237)","(0.10875944, 0.10236162)","(0.07506123, 0.09356328)","(0.8748681, 0.13613668)","(0.92397594, 0.10399308)","(0.93966734, 0.09328241)","(0.8519741, 0.100128524)","(0.14397676, 0.07504462)","(0.10207306, 0.08149124)","(0.8147467, 0.12932473)","(0.8960782, 0.10319963)","(0.91047096, 0.08319569)","(0.8110534, 0.09083835)"
unsat_4clique_32_452_22842.cnf,0.9083792930692265,0.9541896465346129,0.01909030213647958,0.34999999999999987,0.4567572086801428,0.4607296466260405,"(0.8072052, 0.009634817)","(0.78538907, 0.010925191)","(0.653057, 0.01416803)","(0.6471295, 0.013790091)","(0.5157682, 0.011724806)","(0.5158086, 0.011969139)","(0.81383294, 0.033228204)","(0.65488636, 0.077357836)","(0.48077655, 0.01672291)","(0.6632334, 0.025210727)","(0.768535, 0.0030172123)","(0.76527894, 0.002855996)","(0.88800335, 0.009952284)","(0.72256577, 0.012653883)","(0.021207344, 0.0036533647)","(0.388989, 0.00883266)","(0.42075467, 0.0023745215)","(0.4955772, 0.0044325017)","(0.10871847, 0.08514901)","(0.060875736, 0.05566141)","(0.83674204, 0.14430176)","(0.85577315, 0.13658462)","(0.91932744, 0.09328466)","(0.7109742, 0.082505494)","(0.17318562, 0.06293887)","(0.098642096, 0.04346565)","(0.73538864, 0.106908835)","(0.76668525, 0.10982907)","(0.8664896, 0.07584059)","(0.6583028, 0.06054309)"
unsat_cliquecoloring_30_118.cnf,0.6920581052933997,0.8564865689865687,0.35658402203856754,0.6718476510537001,0.5142166666666667,0.5152301698121706,"(0.70152533, 0.028911417)","(0.6690619, 0.025439715)","(0.6539308, 0.026193615)","(0.6435505, 0.026914682)","(0.47171098, 0.01664454)","(0.45717788, 0.010407006)","(0.7786544, 0.02776086)","(0.6431625, 0.06375399)","(0.52203995, 0.0012258324)","(0.67112, 0.01052566)","(0.6251583, 0.008161509)","(0.54690284, 0.009926416)","(0.60260886, 0.020220943)","(0.54227436, 0.030292785)","(0.3160667, 0.013703619)","(0.6335979, 0.0091513535)","(0.4896988, 0.008808748)","(0.56468403, 0.019280413)","(0.070207395, 0.17780274)","(0.047158267, 0.12629259)","(0.8822788, 0.07444678)","(0.89896286, 0.04782572)","(0.970636, 0.062508345)","(0.915383, 0.091606826)","(0.07825674, 0.18299751)","(0.0462844, 0.11341025)","(0.90459836, 0.0725925)","(0.9188444, 0.047001965)","(0.97223127, 0.05307972)","(0.8995444, 0.081979975)"
unsat_matching_40_111_28630.cnf,0.48480158730158723,0.4848015873015871,0.5841625906560971,0.7140748861528083,0.6955128205128206,0.6622138822829965,"(0.78204286, 0.010829665)","(0.62601316, 0.024861483)","(0.833742, 0.0094967885)","(0.70029265, 0.02338387)","(0.5225988, 0.013381554)","(0.50463814, 0.008956649)","(0.63629365, 0.051148143)","(0.468381, 0.045339808)","(0.7340165, 0.024391253)","(0.8786022, 0.00895922)","(0.820039, 0.0046441383)","(0.71978873, 0.013925368)","(0.43256396, 0.0326174)","(0.3788158, 0.03850208)","(0.5320443, 0.018687919)","(0.6814616, 0.024064554)","(0.69906473, 0.014442948)","(0.6137676, 0.014607309)","(0.05024767, 0.15357913)","(0.03136571, 0.09652036)","(0.87069833, 0.047595255)","(0.88785565, 0.034962565)","(0.97903126, 0.037251607)","(0.9453312, 0.07150611)","(0.0673686, 0.16334456)","(0.041014817, 0.10236041)","(0.8793176, 0.044792313)","(0.90198517, 0.015416622)","(0.977328, 0.037196677)","(0.9384079, 0.06256111)"
unsat_4clique_52_1174_65351.cnf,0.8920515289952626,0.9460257644976312,0.031528599605522706,0.3656509695290858,0.4719728386707082,0.475152833458798,"(0.7337338, 0.0030944657)","(0.7259636, 0.003666674)","(0.70985866, 0.0058540353)","(0.705058, 0.0074771536)","(0.5163574, 0.0059577283)","(0.51603556, 0.0058645625)","(0.7575637, 0.037407346)","(0.6795948, 0.039005473)","(0.6540497, 0.02439294)","(0.85526484, 0.004752869)","(0.8565308, 0.0011492404)","(0.8441225, 0.0028633643)",,,,,,,"(0.1503452, 0.017812612)","(0.097401895, 0.020713253)","(0.36170754, 0.0475178)","(0.39167613, 0.0488014)","(0.6586751, 0.044455715)","(0.55788743, 0.037551932)","(0.16641632, 0.011947191)","(0.122724965, 0.013608497)","(0.27338558, 0.018393701)","(0.2972469, 0.024021072)","(0.5865034, 0.024224633)","(0.51077545, 0.021543087)"
unsat_tiling_10_47_90497.cnf,0.7133333333333334,0.7133333333333334,0.08987603305785122,0.5,0.40370747041420124,0.5538222264115374,"(0.66785717, 0.11749319)","(0.6303333, 0.11163432)","(0.33964843, 0.08458799)","(0.6550163, 0.046853732)","(0.53721344, 0.01866921)","(0.57408535, 0.02506365)","(0.67966664, 0.083465815)","(0.6475, 0.095666125)","(0.3539534, 0.03214022)","(0.76099795, 0.015630113)","(0.5427866, 0.01849906)","(0.5418432, 0.0152849285)","(0.7206508, 0.074337155)","(0.641631, 0.034855176)","(0.110444106, 0.024545917)","(0.49739027, 0.002865642)","(0.36760214, 0.015422107)","(0.49613056, 0.030552056)","(0.06386054, 0.20194477)","(0.03310941, 0.104701154)","(0.30405134, 0.33888382)","(0.30605537, 0.34266594)","(0.9790467, 0.025243428)","(0.9286221, 0.054092433)","(0.058533818, 0.17577398)","(0.032660235, 0.09860636)","(0.56859463, 0.22129233)","(0.57628965, 0.23071983)","(0.9757206, 0.03111231)","(0.91418517, 0.048057456)"
unsat_tiling_20_231_52499.cnf,0.7235932123432123,0.7235932123432126,0.1063232421875,0.5,0.4429104094185347,0.5274921622009939,"(0.947488, 0.0057628085)","(0.9072086, 0.010249663)","(0.76132977, 0.0068759937)","(0.7033372, 0.01879826)","(0.60088855, 0.015394141)","(0.589842, 0.015575706)","(0.64294046, 0.0823767)","(0.507, 0.05390064)","(0.59079957, 0.03808838)","(0.8024103, 0.010749653)","(0.7956522, 0.004285829)","(0.780898, 0.007025232)","(0.8420418, 0.024390161)","(0.69640744, 0.012948306)","(0.044202425, 0.008718964)","(0.49735412, 0.0017303494)","(0.36977804, 0.010911629)","(0.48738137, 0.011388551)","(0.08194332, 0.13663197)","(0.05461641, 0.10495274)","(0.90568435, 0.12025957)","(0.9300354, 0.079779156)","(0.9623939, 0.07480048)","(0.8839954, 0.11174684)","(0.11014591, 0.113321245)","(0.07092764, 0.090444386)","(0.89954996, 0.11833541)","(0.9296392, 0.08522263)","(0.95383394, 0.07867064)","(0.8494156, 0.10172629)"
unsat_cliquecoloring_62_446.cnf,0.6915451573516086,0.8549379652605443,0.4028112802070085,0.664030669986419,0.5227113540307229,0.5351189743158451,"(0.5888468, 0.0043539414)","(0.5815747, 0.004620017)","(0.49010807, 0.005365806)","(0.48127064, 0.005179134)","(0.45526963, 0.013490151)","(0.44827095, 0.010800207)","(0.66477996, 0.008613681)","(0.60011065, 0.04786843)","(0.5290897, 0.00092197984)","(0.6370894, 0.0148196565)","(0.62817955, 0.004748098)","(0.5467564, 0.0074845506)","(0.6499005, 0.0070439945)","(0.7900145, 0.011150132)","(0.3927599, 0.004506827)","(0.65448606, 0.0015204288)","(0.46997634, 0.013986327)","(0.527635, 0.017469587)","(0.13109404, 0.061917312)","(0.100267276, 0.08212382)","(0.75755686, 0.14336966)","(0.8613802, 0.13147229)","(0.884863, 0.10309307)","(0.8096577, 0.10162295)","(0.19442864, 0.04554465)","(0.16319367, 0.06963341)","(0.6109035, 0.10264871)","(0.7707516, 0.113441706)","(0.8080963, 0.08733582)","(0.7432399, 0.081784636)"
unsat_matching_60_259_93884.cnf,0.4984586709586708,0.4984586709586709,0.41721172022684305,0.568499527410208,0.6425178359096314,0.5985723703246322,"(0.7856196, 0.0076351175)","(0.7010475, 0.014839867)","(0.8888302, 0.0031320967)","(0.80712825, 0.020607647)","(0.54175985, 0.013060206)","(0.52059156, 0.0066658575)","(0.80598676, 0.033867713)","(0.6110377, 0.01752983)","(0.83007175, 0.0021683173)","(0.9109828, 0.0020287973)","(0.8784033, 0.0019659053)","(0.7790612, 0.009318284)","(0.38942388, 0.017838849)","(0.32994667, 0.015618428)","(0.32968652, 0.014083903)","(0.5325993, 0.007697902)","(0.5716345, 0.008012143)","(0.56970054, 0.010236575)","(0.07551404, 0.13129522)","(0.051138382, 0.10225918)","(0.90723884, 0.112716116)","(0.9373644, 0.071702346)","(0.9604659, 0.07889635)","(0.88757163, 0.10328544)","(0.10237503, 0.107457794)","(0.070113435, 0.08787361)","(0.87626636, 0.11366015)","(0.92267215, 0.08741527)","(0.944208, 0.07551233)","(0.84161437, 0.100801915)"
unsat_tseitin_20_100_94365.cnf,0.480357142857143,0.438528301763596,0.2667236328125,0.2305908203125,0.43169698297903425,0.3772412995722049,"(0.81265163, 0.009583447)","(0.77461785, 0.010032483)","(0.3899765, 0.02227718)","(0.39370635, 0.021857606)","(0.2772814, 0.009178248)","(0.3173438, 0.0099203)","(0.8810543, 0.044191007)","(0.8934165, 0.034224436)","(0.3966066, 0.059407886)","(0.6941544, 0.033451702)","(0.5864714, 0.014329978)","(0.60923576, 0.014552033)","(0.5566425, 0.031334978)","(0.4431285, 0.028829515)","(0.21079066, 0.011207756)","(0.25880665, 0.022505885)","(0.4436043, 0.02568809)","(0.40534678, 0.019590927)","(0.0741915, 0.17982024)","(0.060411185, 0.16025017)","(0.90202856, 0.14795475)","(0.9335596, 0.08367458)","(0.95384663, 0.11290485)","(0.94489413, 0.10489571)","(0.09240182, 0.16585563)","(0.07479572, 0.16951756)","(0.8951348, 0.1532064)","(0.93572456, 0.0877809)","(0.9474886, 0.11315013)","(0.9356449, 0.0962923)"
sat_subsetcard_64_1792_25143.cnf,0.46153846153846084,0.4615384615384604,0.326171875,0.5,0.47499922149035395,0.5242498866916999,"(0.49882936, 0.0021350912)","(0.53208226, 0.0036970798)","(0.13386938, 0.0014739492)","(0.14783014, 0.0025093374)","(0.19840541, 0.0031558785)","(0.20567782, 0.003143213)","(1.0, 0.0)","(0.9926527, 0.0017033917)","(0.0, 0.0)","(0.49997863, 1.0349052e-05)","(0.22419591, 0.0011331894)","(0.469491, 0.0019033013)","(0.39108112, 0.0055854945)","(0.3294581, 0.006819135)","(0.21413246, 0.020360436)","(0.49758297, 0.0010186285)","(0.5007482, 0.013219303)","(0.5835249, 0.009504977)","(0.40408912, 0.041154183)","(0.17096184, 0.015672391)","(0.06892781, 0.0062601375)","(0.122739375, 0.008380783)","(0.34081173, 0.028028132)","(0.35884634, 0.025812741)","(0.57657135, 0.0025511668)","(0.2376432, 0.0018590586)","(0.04678608, 0.0014762457)","(0.09441776, 0.0016453925)","(0.26051202, 0.001699981)","(0.28059077, 0.0013281263)"
sat_tiling_10_236_77445.cnf,1.0,1.0,0.0,0.5,0.35559621949583337,0.4499773653236758,"(0.72995234, 0.054229748)","(0.6202381, 0.061093897)","(0.07312833, 0.005458375)","(0.54788876, 0.015842948)","(0.54919595, 0.020448057)","(0.60700196, 0.021210378)","(0.8000001, 0.0)","(0.5933333, 0.014054579)","(0.5680474, 0.0)","(0.7690711, 0.0010035018)","(0.6729698, 0.0029419225)","(0.7052714, 0.0027222086)","(1.0, 0.0)","(0.9810397, 0.03074256)","(0.0, 0.0)","(0.49325928, 0.010896366)","(0.24574892, 0.004428355)","(0.47247896, 0.0032122158)","(0.06665771, 0.133499)","(0.042438023, 0.09243765)","(0.9065644, 0.11217755)","(0.920722, 0.084874876)","(0.96373665, 0.07733816)","(0.8512818, 0.11158903)","(0.09976554, 0.12740105)","(0.059355486, 0.08544121)","(0.9029306, 0.11088229)","(0.9209919, 0.08918202)","(0.955715, 0.073984504)","(0.80360717, 0.09941002)"
unsat_cliquecoloring_50_356.cnf,0.6830060606060608,0.8511999999999995,0.3027257926156754,0.548345475635027,0.4597783479119828,0.47483661304222935,"(0.62527627, 0.0037214132)","(0.6159203, 0.0062100845)","(0.3989225, 0.006229339)","(0.38886732, 0.0061279736)","(0.4325327, 0.00666938)","(0.43263465, 0.008171428)","(0.7464686, 0.016663192)","(0.6838232, 0.054129634)","(0.46522865, 0.012416042)","(0.58568984, 0.014413548)","(0.5977229, 0.0049468842)","(0.52507263, 0.0070459433)","(0.6273763, 0.015475287)","(0.72194636, 0.02707828)","(0.31936115, 0.010272857)","(0.58801347, 0.008542603)","(0.4354692, 0.016651494)","(0.51466763, 0.025798226)","(0.12704638, 0.08392188)","(0.09403105, 0.1002557)","(0.84468585, 0.1572919)","(0.9114525, 0.12973061)","(0.91996515, 0.1122462)","(0.8474658, 0.11030367)","(0.15176727, 0.06767332)","(0.121559575, 0.07881987)","(0.71743697, 0.12293366)","(0.85584325, 0.11932702)","(0.8659276, 0.09458925)","(0.7919809, 0.095222086)"
sat_dominating_70_1295_25518.cnf,0.6901088497582172,0.7927610080000481,0.1820047454726458,0.36851171700677515,0.5521713728625735,0.5385026533779945,"(0.822336, 0.00392308)","(0.8091365, 0.0041757696)","(0.8253361, 0.00615462)","(0.82819307, 0.0033343139)","(0.57026607, 0.0064694807)","(0.5652399, 0.0055770013)","(0.50818366, 0.044566315)","(0.48238096, 0.045979727)","(0.80112296, 0.0344416)","(0.96201485, 0.0041736043)","(0.9428355, 0.0011563536)","(0.92026585, 0.0007846007)","(0.61755526, 0.004006019)","(0.49508286, 0.009237438)","(0.14897877, 0.010972557)","(0.32879335, 0.0045186724)","(0.46169385, 0.0022921825)","(0.51456374, 0.0035798175)","(0.14173487, 0.017589562)","(0.1394155, 0.0388318)","(0.3101804, 0.036835983)","(0.3742571, 0.042879634)","(0.62976944, 0.039567318)","(0.5764672, 0.03598246)","(0.16979949, 0.008831648)","(0.19983442, 0.0170305)","(0.23743777, 0.0167315)","(0.2953651, 0.016364025)","(0.56013, 0.0189758)","(0.5191076, 0.015608872)"
unsat_matching_40_184_2153.cnf,0.5457478632478635,0.5457478632478635,0.3908356290174472,0.5617539026629935,0.5976085663295657,0.5849857425529499,"(0.7977616, 0.013084816)","(0.6887133, 0.014969375)","(0.8026177, 0.0075431587)","(0.7265228, 0.0209262)","(0.5658538, 0.015780289)","(0.5346282, 0.008176503)","(0.81425, 0.017347122)","(0.59904766, 0.046396513)","(0.8069264, 0.005851986)","(0.8996068, 0.0050285757)","(0.8714336, 0.0)","(0.79497385, 0.014310312)","(0.49362755, 0.017505648)","(0.40917945, 0.020880947)","(0.29574955, 0.012113395)","(0.53168684, 0.009914937)","(0.52506, 0.009283599)","(0.5527067, 0.010737599)","(0.062700614, 0.13902192)","(0.041648217, 0.100483075)","(0.8981511, 0.09849756)","(0.92199165, 0.060532626)","(0.96693563, 0.06934358)","(0.89439213, 0.10612353)","(0.06686383, 0.14284034)","(0.043554, 0.09889231)","(0.91110486, 0.098743774)","(0.9328068, 0.065928526)","(0.96478844, 0.06478236)","(0.87006044, 0.09437145)"
sat_php_224_908_8740.cnf,0.5913699116774722,1.0,0.6269110837308178,0.9426364592075184,0.8533995441623371,0.7820409181587713,"(0.42309752, 0.0038886853)","(0.41398057, 0.00476073)","(0.7345039, 0.0019894938)","(0.7070404, 0.0028570488)","(0.41983804, 0.00782143)","(0.41131935, 0.0040586414)","(0.29627496, 0.013823298)","(0.3321583, 0.026047954)","(0.6574168, 0.0037801662)","(0.72816914, 0.008375507)","(0.71170396, 0.0053124637)","(0.6623618, 0.004249331)",,,,,,,"(0.15429494, 0.022308698)","(0.14202395, 0.044640724)","(0.44344622, 0.07215486)","(0.5532963, 0.07923882)","(0.7152137, 0.065792136)","(0.65858436, 0.059075337)","(0.1758559, 0.011068853)","(0.1951865, 0.030210882)","(0.331831, 0.03277778)","(0.43719506, 0.042680062)","(0.63737065, 0.03689469)","(0.5926468, 0.034598608)"
sat_tiling_10_244_40767.cnf,1.0,1.0,0.0,0.5,0.35607301947768366,0.44968718876685043,"(0.9037143, 0.071896724)","(0.917631, 0.046127044)","(0.32907975, 0.07137612)","(0.65512526, 0.04842591)","(0.48828983, 0.0038427718)","(0.5643933, 0.006997072)","(0.8000001, 0.0)","(0.7975001, 0.007905706)","(0.43877548, 0.0)","(0.71987706, 0.0015470025)","(0.6205283, 0.009643568)","(0.6510862, 0.01200031)","(1.0, 0.0)","(1.0, 0.0)","(0.0, 0.0)","(0.5, 0.0)","(0.24269195, 0.0016006323)","(0.4746875, 0.0)","(0.07593376, 0.1414267)","(0.04613274, 0.0953717)","(0.9109745, 0.09793377)","(0.9270498, 0.076656796)","(0.963436, 0.07366357)","(0.8429557, 0.114291415)","(0.08269783, 0.11680752)","(0.05050785, 0.08027315)","(0.90696585, 0.11076539)","(0.927647, 0.08479558)","(0.9557021, 0.07373779)","(0.80631196, 0.10347344)"
sat_cliquecoloring_50_213.cnf,0.5267379679144382,0.7855912061794414,0.3587464815162319,0.6564827673273574,0.5355070153061225,0.5460972027099246,"(0.5745902, 0.009823386)","(0.562117, 0.011798746)","(0.57423264, 0.0038657873)","(0.5730067, 0.0080103045)","(0.46015328, 0.011029988)","(0.45242804, 0.012909099)","(0.70448834, 0.012995448)","(0.591416, 0.032420754)","(0.5954501, 0.012433572)","(0.73462284, 0.012199242)","(0.64640796, 0.0052982704)","(0.568505, 0.011341049)","(0.4919463, 0.011514735)","(0.71632147, 0.013764196)","(0.31848586, 0.007237166)","(0.6580149, 0.0016126013)","(0.47047845, 0.009572748)","(0.4996446, 0.01656175)","(0.072607055, 0.12896857)","(0.050706983, 0.103136025)","(0.9023115, 0.12950587)","(0.92800635, 0.09765454)","(0.9573452, 0.089958034)","(0.8761551, 0.113312945)","(0.112197086, 0.117068306)","(0.07398015, 0.09973415)","(0.8902149, 0.1364692)","(0.9248543, 0.09951523)","(0.9452754, 0.09405025)","(0.8294102, 0.10774782)"
unsat_php_101_509_5311.cnf,0.5510076335092426,0.9900990099009901,0.5603247571877589,0.9351882141606835,0.8077206523391633,0.7611160404074415,"(0.6355163, 0.0062098424)","(0.5941521, 0.007268309)","(0.80757177, 0.0017652904)","(0.77797896, 0.0034021868)","(0.49283534, 0.007059871)","(0.4789564, 0.0053052027)","(0.6417941, 0.025634164)","(0.47975865, 0.021485709)","(0.7518228, 0.0062807854)","(0.81222, 0.010962992)","(0.79892623, 0.0036062193)","(0.7451728, 0.0073481216)","(0.5196468, 0.013301272)","(0.5838496, 0.003710526)","(0.51604784, 0.0039857686)","(0.83777046, 0.003874663)","(0.6910297, 0.0020733566)","(0.73347026, 0.004299045)","(0.1223789, 0.06837172)","(0.08113308, 0.06787703)","(0.78081787, 0.13411792)","(0.8350981, 0.12366526)","(0.8917982, 0.093454316)","(0.7468996, 0.08787727)","(0.17033727, 0.040105373)","(0.11482211, 0.045065835)","(0.6567609, 0.102717996)","(0.73812735, 0.10711615)","(0.82994556, 0.07332578)","(0.6938658, 0.06360794)"
sat_php_213_828_16930.cnf,0.5907623441050935,1.0,0.6250414571297834,0.9427726952598717,0.8486002841347011,0.776473445429733,"(0.45118433, 0.004474883)","(0.4350814, 0.003997712)","(0.78857344, 0.0018666751)","(0.75688434, 0.004374403)","(0.43188244, 0.0057950397)","(0.42637062, 0.007360838)","(0.36897105, 0.008549173)","(0.3503434, 0.01809487)","(0.6954048, 0.003848451)","(0.7491719, 0.005530287)","(0.739345, 0.006358084)","(0.68546164, 0.006909742)",,,,,,,"(0.155071, 0.024743782)","(0.13733403, 0.03996021)","(0.48716903, 0.076099195)","(0.60265815, 0.088345364)","(0.7404364, 0.070527665)","(0.67592317, 0.064064175)","(0.17836605, 0.019440537)","(0.18720825, 0.033928424)","(0.3657585, 0.04048377)","(0.48126745, 0.054153215)","(0.662372, 0.043370813)","(0.6126076, 0.04043229)"
sat_php_233_990_95853.cnf,0.590706822013962,1.0,0.6258493011646893,0.9434537982965917,0.8578444368341085,0.7902717954139806,"(0.41869813, 0.004465451)","(0.40905485, 0.0034534768)","(0.65321094, 0.0030382192)","(0.6294628, 0.0032603703)","(0.40697804, 0.0073529077)","(0.3963583, 0.008562934)","(0.29946005, 0.009633434)","(0.32237902, 0.026745299)","(0.453335, 0.01412437)","(0.52610993, 0.016417634)","(0.6777915, 0.004242172)","(0.65585744, 0.0033734022)",,,,,,,"(0.15912063, 0.023235034)","(0.15304312, 0.04387863)","(0.39984477, 0.05808775)","(0.50662106, 0.07016112)","(0.69083846, 0.057958733)","(0.63952464, 0.05483876)","(0.16797064, 0.013065766)","(0.2012027, 0.029701736)","(0.30245417, 0.025567917)","(0.3932014, 0.03370065)","(0.6126105, 0.03348589)","(0.57628167, 0.032431066)"
sat_op_45_249_69595.cnf,0.5333333333333338,0.25642971339195597,0.21160493827160495,0.26495332511184816,0.45154214360041617,0.3979229459992737,"(0.62641406, 0.0082040345)","(0.59515935, 0.012117464)","(0.4254045, 0.006416788)","(0.39021605, 0.011487613)","(0.36303186, 0.008615912)","(0.3630929, 0.0045714183)","(0.90580094, 0.01621932)","(0.7647823, 0.016834946)","(0.44746417, 0.0060009253)","(0.7461894, 0.0046500964)","(0.58790433, 0.0050960863)","(0.6373156, 0.013218081)","(0.52795535, 0.011884327)","(0.2527619, 0.010138)","(0.12992671, 0.0072919372)","(0.23218003, 0.0114086745)","(0.42920893, 0.005559512)","(0.44332704, 0.006611468)","(0.111026466, 0.10975361)","(0.086797185, 0.12599549)","(0.88289845, 0.16546729)","(0.93916386, 0.10330211)","(0.93871653, 0.11340346)","(0.91261834, 0.12184468)","(0.13914822, 0.084737435)","(0.11715037, 0.12015536)","(0.8202387, 0.14638592)","(0.9292266, 0.10104635)","(0.91045284, 0.10814504)","(0.88358575, 0.10715435)"
sat_cliquecoloring_55_227.cnf,0.5199049316696381,0.7762237762237745,0.3823,0.6263945578231292,0.644629111531191,0.5721312022726999,"(0.5407725, 0.007031581)","(0.5260194, 0.010200845)","(0.50883615, 0.0076192045)","(0.4976817, 0.0077380952)","(0.44886035, 0.011004831)","(0.44477493, 0.013410089)","(0.6265458, 0.013896007)","(0.53489834, 0.05011216)","(0.38886243, 0.013206689)","(0.5471014, 0.029445333)","(0.63527685, 0.007815116)","(0.5694162, 0.010479957)","(0.46794224, 0.008441597)","(0.7069515, 0.012772123)","(0.34034902, 0.008692335)","(0.61758304, 0.004354925)","(0.5234035, 0.0070062666)","(0.5354517, 0.016030455)","(0.084998354, 0.14232376)","(0.05269015, 0.098828115)","(0.9057661, 0.12507793)","(0.9205869, 0.10482229)","(0.95678043, 0.0883771)","(0.8334721, 0.110143535)","(0.11915064, 0.12656252)","(0.071980394, 0.0934281)","(0.87309057, 0.12996902)","(0.9045275, 0.10762811)","(0.94009364, 0.090802625)","(0.78425443, 0.107013755)"
sat_5color_50_260_2076.cnf,0.36779220779220784,0.6838961038961036,0.40212000000000003,0.6010816326530612,0.6270545454545454,0.5799371900826445,"(0.7091746, 0.009145575)","(0.6863874, 0.012054104)","(0.7259305, 0.0049450286)","(0.68150675, 0.010871424)","(0.4897483, 0.009614892)","(0.4984838, 0.0105273975)","(0.7751855, 0.037634175)","(0.5426187, 0.040266175)","(0.57379395, 0.01619746)","(0.66764545, 0.023519125)","(0.72541076, 0.0063358634)","(0.68275774, 0.007401573)","(0.33801544, 0.00939776)","(0.6231285, 0.0143682705)","(0.28986695, 0.021520175)","(0.5383553, 0.013105829)","(0.58247733, 0.0069103595)","(0.56271684, 0.0063603395)","(0.06945689, 0.12370252)","(0.042529672, 0.08477872)","(0.9053933, 0.114103556)","(0.91395104, 0.094474755)","(0.9624678, 0.07490878)","(0.82517403, 0.107462764)","(0.1176788, 0.11892008)","(0.06757027, 0.07933022)","(0.9012313, 0.10970794)","(0.91704196, 0.0931707)","(0.9513525, 0.07643317)","(0.77962446, 0.096375644)"
unsat_tiling_20_793_2570.cnf,0.9691090471276229,0.9691090471276222,0.0,0.5,0.4111910874378498,0.4971239655534551,"(0.92988384, 0.0036076428)","(0.91712725, 0.004063834)","(0.6718656, 0.01891557)","(0.6598512, 0.013518246)","(0.5691781, 0.008889858)","(0.5642616, 0.00978842)","(0.5485, 0.015878594)","(0.6670833, 0.018987693)","(0.51514095, 0.007722171)","(0.8573654, 0.0036915224)","(0.7797701, 0.0017831835)","(0.8227976, 0.0035489155)","(0.9921052, 0.004447272)","(0.9548811, 0.0044190283)","(0.0, 0.0)","(0.4991942, 0.0017995641)","(0.31888562, 0.00310201)","(0.4772277, 0.0037063952)","(0.15411028, 0.026566932)","(0.11926097, 0.04268734)","(0.5258424, 0.08612306)","(0.63068134, 0.09849485)","(0.7656026, 0.07375177)","(0.6856276, 0.06538018)","(0.17508538, 0.021332735)","(0.17100662, 0.036211487)","(0.39715615, 0.047026385)","(0.505495, 0.05462897)","(0.6824074, 0.046535138)","(0.62119746, 0.04335833)"
sat_cliquecoloring_99_561.cnf,0.43529029371979133,0.7596031888179392,0.30865911081169073,0.6193689986282576,0.5265606514278945,0.5788002077562328,"(0.53734773, 0.005859537)","(0.517385, 0.004955456)","(0.5024644, 0.008889118)","(0.4613816, 0.011041263)","(0.43959507, 0.010219106)","(0.42843455, 0.010305747)","(0.6204429, 0.013505071)","(0.51287305, 0.018980196)","(0.65662175, 0.0026096764)","(0.73257935, 0.0054944037)","(0.6365746, 0.002843787)","(0.57277566, 0.0040765605)","(0.36916298, 0.0060962513)","(0.6013192, 0.010639199)","(0.29268312, 0.007159935)","(0.62125826, 0.0018693886)","(0.5050362, 0.0045284326)","(0.55128866, 0.008683613)","(0.15435816, 0.037496135)","(0.13713625, 0.067266725)","(0.60136557, 0.111735284)","(0.7556461, 0.12951423)","(0.8040186, 0.09599233)","(0.7444235, 0.08800559)","(0.19259556, 0.026051877)","(0.19997677, 0.04886431)","(0.46527916, 0.07047241)","(0.6237864, 0.08722988)","(0.7243053, 0.06948735)","(0.6788062, 0.069076754)"
unsat_php_186_1660_24423.cnf,0.5473557824960339,1.0,0.5777246369077795,0.9483146459453193,0.8517209798990373,0.8120918107065292,"(0.50762486, 0.0023238002)","(0.50050586, 0.002446035)","(0.6686623, 0.0012425134)","(0.6574047, 0.0019197728)","(0.45995826, 0.0026134653)","(0.4547003, 0.005071937)","(0.36587077, 0.007870204)","(0.35769242, 0.03265988)","(0.56553173, 0.0064344984)","(0.633456, 0.011986703)","(0.69998085, 0.0025575706)","(0.68267137, 0.0027668215)","(0.50399816, 0.006091591)","(0.6496003, 0.0039689858)","(0.41757545, 0.079020105)","(0.85438776, 0.0020993212)","(0.69411534, 0.0016675346)","(0.80226547, 0.00220867)","(0.14602083, 0.01654682)","(0.16389075, 0.027464177)","(0.23304792, 0.019052494)","(0.2821515, 0.024064867)","(0.56675786, 0.028854545)","(0.5295289, 0.028104419)","(0.18810925, 0.0031470652)","(0.24129789, 0.015129711)","(0.17584507, 0.004247234)","(0.21627669, 0.004005865)","(0.4952909, 0.0035696956)","(0.46629992, 0.005557958)"
sat_op_45_249_85625.cnf,0.5333333333333338,0.15598208484173398,0.21975308641975308,0.2332770259221224,0.43403302679096334,0.4029195011337869,"(0.6308586, 0.0095846355)","(0.6037973, 0.010660103)","(0.43024406, 0.007338776)","(0.39818278, 0.010653114)","(0.36523503, 0.009950721)","(0.36698666, 0.010482483)","(0.9653988, 0.013226442)","(0.79390967, 0.018664476)","(0.41326165, 0.006059659)","(0.6927149, 0.006899956)","(0.56739384, 0.0012877668)","(0.6281207, 0.010037226)","(0.48253527, 0.007195008)","(0.19244775, 0.006566991)","(0.1423388, 0.010746203)","(0.233043, 0.013226905)","(0.4481333, 0.006042805)","(0.45107594, 0.0045815874)","(0.09668497, 0.11046337)","(0.08375086, 0.13889572)","(0.88250303, 0.15610889)","(0.9412762, 0.08957765)","(0.94246566, 0.10989966)","(0.92283165, 0.117456965)","(0.14817323, 0.09269691)","(0.11893554, 0.12261143)","(0.8317831, 0.14155059)","(0.92826927, 0.097704925)","(0.91401577, 0.10537)","(0.8841076, 0.103604436)"
sat_cliquecoloring_80_524.cnf,0.6158065938276928,0.8196340125919329,0.4591305723665995,0.692684229263083,0.6094659664830119,0.6246197035109995,"(0.50970757, 0.0030483988)","(0.50923944, 0.003194667)","(0.5699543, 0.0013575368)","(0.5731281, 0.0013749959)","(0.43783626, 0.008807248)","(0.4369212, 0.0051824674)","(0.59304225, 0.014781525)","(0.53685325, 0.052406248)","(0.441681, 0.010368669)","(0.56462663, 0.0138044655)","(0.64492875, 0.0030566112)","(0.59318984, 0.003372697)","(0.5246345, 0.005629002)","(0.6519886, 0.009006511)","(0.38113582, 0.0056116846)","(0.6654322, 0.0020585593)","(0.4776141, 0.005390384)","(0.527147, 0.009953443)","(0.14266776, 0.047550287)","(0.1059041, 0.06274526)","(0.6831057, 0.13049194)","(0.7875033, 0.13043532)","(0.8470818, 0.098060615)","(0.7538212, 0.091877356)","(0.18914926, 0.034475923)","(0.16270213, 0.056051433)","(0.54191124, 0.08693501)","(0.67598355, 0.09488141)","(0.7676651, 0.0741716)","(0.69155043, 0.069988064)"
sat_cliquecoloring_45_137.cnf,0.4242424242424245,0.7565656565656566,0.28881951670713374,0.6278932749768539,0.5522315567394457,0.5204073019697518,"(0.6049951, 0.02016449)","(0.56112194, 0.014377154)","(0.62371063, 0.023299232)","(0.583382, 0.026255546)","(0.4613893, 0.014044076)","(0.45713004, 0.011804858)","(0.63739955, 0.023606721)","(0.5277002, 0.053859804)","(0.64767665, 0.0073235775)","(0.7533235, 0.008362279)","(0.64682025, 0.004477608)","(0.55859536, 0.013085615)","(0.37966636, 0.010592479)","(0.5773572, 0.012670938)","(0.26876503, 0.008686104)","(0.640699, 0.0042871614)","(0.49729794, 0.002275385)","(0.54409504, 0.013591396)","(0.057334244, 0.16320048)","(0.037746795, 0.11029543)","(0.8977305, 0.09048509)","(0.9136996, 0.058909304)","(0.96881926, 0.06902892)","(0.8940753, 0.10256586)","(0.08265333, 0.15668906)","(0.048536945, 0.099190325)","(0.90251225, 0.08900663)","(0.91677773, 0.06467518)","(0.96387446, 0.070767425)","(0.85983247, 0.09052311)"
sat_matching_60_251_14901.cnf,0.521849446849447,0.5218494468494468,0.472103355787146,0.6093650826150161,0.6620277732044934,0.6088265306122449,"(0.7811904, 0.011897237)","(0.67656606, 0.013649779)","(0.86401856, 0.0027929049)","(0.7841704, 0.020321425)","(0.5248372, 0.013765243)","(0.499461, 0.013844132)","(0.82374746, 0.015458558)","(0.5990189, 0.02832727)","(0.7778961, 0.0053137476)","(0.8889632, 0.0059256386)","(0.84877336, 0.0)","(0.7566826, 0.013268923)","(0.46929058, 0.01193297)","(0.4239362, 0.015054735)","(0.4211701, 0.013097212)","(0.59702325, 0.007890985)","(0.626165, 0.0075023873)","(0.6034252, 0.010144895)","(0.070247985, 0.1215326)","(0.046290565, 0.0916722)","(0.91012496, 0.108169004)","(0.9343613, 0.06885256)","(0.96189374, 0.077266455)","(0.8892401, 0.111717284)","(0.094544895, 0.1106091)","(0.062254734, 0.08567343)","(0.888482, 0.11452915)","(0.92942506, 0.084045745)","(0.9482954, 0.07927451)","(0.8503914, 0.09984314)"
sat_subsetcard_36_360_58681.cnf,0.44444444444444453,0.4444444444444437,0.23456790123456786,0.5,0.45807098765432097,0.5276100821577325,"(0.68449986, 0.0050311605)","(0.6962998, 0.007952247)","(0.22784412, 0.005711996)","(0.22906807, 0.0069853333)","(0.26968426, 0.007867785)","(0.28962845, 0.010210605)","(0.980536, 0.0025272209)","(0.8491974, 0.008920086)","(0.0, 0.0)","(0.49708733, 0.0013196788)","(0.28850666, 0.0025386834)","(0.41554156, 0.004237137)","(0.43328628, 0.0109008625)","(0.3656263, 0.014800877)","(0.18908572, 0.018347958)","(0.49713057, 0.0019591576)","(0.45644006, 0.021120775)","(0.54850703, 0.012681531)","(0.14729434, 0.05478417)","(0.14986631, 0.09669423)","(0.6250833, 0.13506041)","(0.8455779, 0.15038623)","(0.82150733, 0.12471253)","(0.7975692, 0.117549755)","(0.1922489, 0.037237767)","(0.22469637, 0.060145687)","(0.4721245, 0.08496927)","(0.72557545, 0.112022996)","(0.7332761, 0.09926219)","(0.7212033, 0.09529383)"
sat_tseitin_20_130_36501.cnf,0.5211111111111111,0.4897795668383903,0.28319636678200694,0.28853223593964333,0.3994140320214726,0.36793486234045675,"(0.87307036, 0.0023955558)","(0.8356045, 0.005394425)","(0.111348175, 0.004810142)","(0.15635908, 0.013284176)","(0.22900991, 0.012072953)","(0.28985217, 0.016414668)","(0.86936206, 0.008789568)","(0.9155739, 0.028005507)","(0.33263293, 0.004966537)","(0.68493307, 0.029755851)","(0.42886177, 0.010321366)","(0.57071745, 0.0081292065)","(0.57949, 0.021724677)","(0.47750515, 0.016260011)","(0.20956263, 0.020357357)","(0.2769929, 0.0073869545)","(0.41020775, 0.028993705)","(0.40194136, 0.020968335)","(0.08359043, 0.14385034)","(0.07868846, 0.17573887)","(0.8897017, 0.18564849)","(0.9300067, 0.12877281)","(0.93663883, 0.14594655)","(0.9252182, 0.11910213)","(0.12734158, 0.12879796)","(0.106848046, 0.1564873)","(0.8312095, 0.17271236)","(0.9175906, 0.12792294)","(0.9107181, 0.13964823)","(0.88689077, 0.11958972)"
sat_tseitin_30_468_86187.cnf,0.5404904354904354,0.5128566125448615,0.24783203125000003,0.232421875,0.4497805713425421,0.4794349083417695,"(0.81313545, 0.0016187399)","(0.78205335, 0.003680392)","(0.07314035, 0.002763379)","(0.10621917, 0.0042409664)","(0.20250472, 0.00949527)","(0.22874887, 0.009042784)","(0.9214684, 0.029856779)","(0.93164337, 0.021347042)","(0.42346612, 0.048842125)","(0.70570165, 0.03245888)","(0.49168843, 0.009939876)","(0.68001336, 0.0029533878)","(0.5975507, 0.009207734)","(0.45133227, 0.016635839)","(0.16275325, 0.011474157)","(0.21972108, 0.013178447)","(0.46750683, 0.016491016)","(0.45262924, 0.018210966)","(0.16527459, 0.073680624)","(0.19043556, 0.027517982)","(0.23914032, 0.050093617)","(0.40395442, 0.07695204)","(0.57650405, 0.10376832)","(0.58042634, 0.09806351)","(0.20124094, 0.06838733)","(0.19902262, 0.018419184)","(0.1774335, 0.03142055)","(0.310341, 0.04847948)","(0.49786955, 0.07873071)","(0.5073625, 0.0747599)"
unsat_cliquecoloring_37_230.cnf,0.8939588939588937,0.7331566015776542,0.481903076171875,0.7056720610297168,0.5530868316063235,0.5283220544382565,"(0.7205865, 0.013209391)","(0.68858117, 0.011013142)","(0.60169065, 0.008099451)","(0.59262305, 0.006590198)","(0.4252271, 0.009373191)","(0.4295741, 0.008310019)","(0.7613602, 0.017321778)","(0.5730512, 0.0405841)","(0.42985526, 0.0033703086)","(0.6094443, 0.006889226)","(0.554609, 0.0063793138)","(0.5594509, 0.00768174)","(0.8208103, 0.013312594)","(0.62908226, 0.024584698)","(0.4420196, 0.012182321)","(0.68044484, 0.0056317383)","(0.4942957, 0.008358796)","(0.5798705, 0.013783031)","(0.07526515, 0.13009393)","(0.050887655, 0.10374412)","(0.9103724, 0.11382859)","(0.9361655, 0.06893804)","(0.9623534, 0.07486639)","(0.87346095, 0.11109915)","(0.095677875, 0.12704909)","(0.061792653, 0.09891874)","(0.89228076, 0.11858723)","(0.9204777, 0.084986515)","(0.9506031, 0.08282056)","(0.83349055, 0.10518201)"
sat_subsetcard_12_72_25143.cnf,0.6666666666666666,0.6666666666666664,0.33333333333333337,0.5833333333333334,0.4545454545454546,0.681301652892562,"(0.953554, 0.008541251)","(0.86141443, 0.011364471)","(0.3939074, 0.04436958)","(0.41092864, 0.054527313)","(0.26455986, 0.009373225)","(0.36394197, 0.0074921497)","(1.0, 0.0)","(0.969457, 0.008145115)","(0.0, 0.0)","(0.49990806, 8.738454e-05)","(0.25498524, 0.008132063)","(0.3747116, 0.011557747)","(0.75111115, 0.04744138)","(0.74194777, 0.06858278)","(0.25949922, 0.056802623)","(0.5781807, 0.036185574)","(0.44040728, 0.021533757)","(0.62780505, 0.025822809)","(0.07049599, 0.21633874)","(0.05004599, 0.15495232)","(0.84119207, 0.069342785)","(0.8834981, 0.025180817)","(0.9693266, 0.06846732)","(0.96345025, 0.06155592)","(0.08091925, 0.2022711)","(0.058938462, 0.15872592)","(0.89044446, 0.08434272)","(0.91949046, 0.024874026)","(0.96825826, 0.06520999)","(0.955922, 0.058350455)"
sat_4clique_32_404_34389.cnf,0.8415398686467004,0.9207699343233505,0.058199999999999974,0.377685546875,0.4563493897928994,0.46280394785502965,"(0.8537941, 0.010383212)","(0.8272098, 0.0108006885)","(0.7433057, 0.009486604)","(0.7350819, 0.008793103)","(0.5403079, 0.009057595)","(0.53668535, 0.011683892)","(0.6756304, 0.049998768)","(0.6287053, 0.05030839)","(0.42176265, 0.015822029)","(0.6324161, 0.02482342)","(0.78139925, 0.004276338)","(0.7609988, 0.0033371905)","(0.8333496, 0.010159894)","(0.7776997, 0.022502674)","(0.039515145, 0.0067027635)","(0.3987545, 0.0082720155)","(0.42520675, 0.0023874412)","(0.4881373, 0.003612412)","(0.093210936, 0.08882444)","(0.052617826, 0.057886653)","(0.8786462, 0.13973859)","(0.89584064, 0.12443041)","(0.93909967, 0.08862026)","(0.7306577, 0.08802358)","(0.15715787, 0.07508412)","(0.08833183, 0.048216794)","(0.78804606, 0.11294009)","(0.8152297, 0.11612802)","(0.89283276, 0.08066374)","(0.67918, 0.06784842)"
unsat_php_96_450_86266.cnf,0.5465454446152979,1.0,0.5692547268066015,0.9388719756449286,0.8086999527319199,0.7554250157616295,"(0.65496016, 0.005285068)","(0.6071456, 0.0060445946)","(0.86221963, 0.0019772905)","(0.8243352, 0.0041728574)","(0.50241137, 0.0074310773)","(0.49485826, 0.0056092804)","(0.65595424, 0.019018568)","(0.47751412, 0.05778699)","(0.81735724, 0.005083768)","(0.86212575, 0.008298677)","(0.8361329, 0.0)","(0.7643286, 0.007867591)","(0.5170413, 0.013183754)","(0.6671039, 0.007360579)","(0.51488143, 0.003435076)","(0.86614436, 0.003938804)","(0.6838667, 0.007701168)","(0.7335396, 0.0059935953)","(0.111999236, 0.08006714)","(0.07171246, 0.06276526)","(0.82121766, 0.14101128)","(0.869376, 0.13552417)","(0.9143566, 0.094806865)","(0.76837575, 0.09249501)","(0.16473109, 0.05515505)","(0.108334795, 0.055571172)","(0.7191993, 0.10958871)","(0.7918192, 0.104368515)","(0.8631913, 0.08259)","(0.7197399, 0.075993694)"
unsat_php_97_451_21992.cnf,0.5422576682127925,1.0,0.5795835113145503,0.9433147727358895,0.8151201340464792,0.7545142324170485,"(0.6081999, 0.0045327065)","(0.56991804, 0.00615573)","(0.74839526, 0.0042507434)","(0.71611387, 0.00657893)","(0.47001642, 0.005998993)","(0.4633873, 0.010076514)","(0.67120385, 0.016481964)","(0.4870948, 0.042672634)","(0.378596, 0.010893984)","(0.46100003, 0.01151519)","(0.74649173, 0.006112229)","(0.708744, 0.007509145)","(0.5339295, 0.0032494764)","(0.98533857, 0.006366197)","(0.57498664, 0.0017774415)","(0.9406023, 0.0015921869)","(0.74115247, 0.0011201582)","(0.76251894, 0.0027436956)","(0.11935328, 0.076913476)","(0.076938555, 0.070400886)","(0.84321177, 0.15132879)","(0.8866088, 0.13453063)","(0.9216765, 0.0965933)","(0.7818454, 0.09108214)","(0.16810875, 0.05740157)","(0.106962875, 0.04892259)","(0.7279583, 0.113992505)","(0.7983798, 0.11557001)","(0.8666056, 0.07956281)","(0.7216728, 0.073766164)"
unsat_4color_40_190_72085.cnf,0.37590187590187596,0.6879509379509379,0.4111111111111111,0.5937499999999999,0.5997000000000001,0.5835625000000001,"(0.7587005, 0.009567862)","(0.69133055, 0.012144714)","(0.77706647, 0.0032896467)","(0.7217845, 0.015875766)","(0.5063198, 0.015604836)","(0.4988819, 0.016512772)","(0.8429464, 0.018775301)","(0.57987297, 0.04696914)","(0.7563697, 0.0063843606)","(0.8307206, 0.006529016)","(0.77696097, 0.001073764)","(0.7051319, 0.011890016)","(0.3381182, 0.018126432)","(0.632358, 0.02501244)","(0.24667072, 0.01438465)","(0.5241172, 0.014861832)","(0.55594045, 0.008493389)","(0.55496883, 0.012212935)","(0.060809642, 0.14628135)","(0.035226367, 0.08720642)","(0.9085349, 0.08066831)","(0.9205983, 0.06073721)","(0.97140664, 0.05937232)","(0.8541932, 0.09765118)","(0.07740679, 0.14083461)","(0.047300816, 0.09171615)","(0.90218747, 0.08955233)","(0.9215376, 0.06613936)","(0.96592844, 0.061082117)","(0.82253486, 0.09264981)"
sat_op_28_119_84304.cnf,0.5454545454545451,0.34901271114506394,0.18452380952380953,0.25490523357780615,0.40360690889091555,0.393598615916955,"(0.72404426, 0.01046181)","(0.67746425, 0.012117044)","(0.50111806, 0.010334229)","(0.45667553, 0.01825391)","(0.38896805, 0.015614384)","(0.39318, 0.016887486)","(0.91566324, 0.035938427)","(0.7763662, 0.025755858)","(0.18335705, 0.017615331)","(0.6105041, 0.005373547)","(0.5401048, 0.012247596)","(0.54286796, 0.009345651)","(0.5769481, 0.012485404)","(0.3468668, 0.020856742)","(0.13313247, 0.0140523985)","(0.25100872, 0.018121948)","(0.42311883, 0.012252631)","(0.42814302, 0.010036121)","(0.07156412, 0.17168006)","(0.05502618, 0.14512108)","(0.89698446, 0.09752733)","(0.92724925, 0.03627214)","(0.96584857, 0.07829689)","(0.9555186, 0.07819096)","(0.08242343, 0.18027656)","(0.05998543, 0.13928305)","(0.89563286, 0.08508085)","(0.9424982, 0.032040086)","(0.9622496, 0.07115197)","(0.94655037, 0.071414106)"
unsat_cliquecoloring_36_176.cnf,0.727137445887446,0.871685606060605,0.3852363211337571,0.667430237401083,0.5134478426897686,0.5195682363337962,"(0.692859, 0.014427022)","(0.6618184, 0.016110571)","(0.6167452, 0.018725622)","(0.6041508, 0.016206488)","(0.45959225, 0.017415859)","(0.4492298, 0.012688663)","(0.7579559, 0.027803775)","(0.61818093, 0.079225585)","(0.5114737, 0.005354918)","(0.6301018, 0.019209486)","(0.6247932, 0.005978123)","(0.5369543, 0.0074745244)","(0.6637338, 0.018860362)","(0.7548089, 0.025625668)","(0.35948756, 0.008525433)","(0.68103856, 0.0036463903)","(0.46147123, 0.007533174)","(0.521633, 0.011203144)","(0.07421622, 0.16482858)","(0.0491303, 0.11653155)","(0.9026411, 0.10081048)","(0.9300108, 0.06502841)","(0.96361744, 0.07531694)","(0.89214516, 0.104198314)","(0.087808184, 0.14627583)","(0.058926813, 0.11565556)","(0.89570665, 0.10646486)","(0.9309017, 0.06516739)","(0.9586418, 0.076978326)","(0.8780652, 0.095319755)"
sat_subsetcard_12_36_64659.cnf,0.6666666666666666,0.5,0.33333333333333337,0.6481481481481481,0.4545454545454546,0.4049586776859505,"(0.95311195, 0.011492072)","(0.827701, 0.0472463)","(0.516703, 0.047378164)","(0.4579793, 0.04320565)","(0.31126454, 0.02090322)","(0.35303354, 0.027991062)","(0.96426344, 0.020380737)","(0.8709995, 0.085677475)","(0.0, 0.0)","(0.32160598, 0.067492984)","(0.2795225, 0.016552862)","(0.30970305, 0.022876127)","(0.73900795, 0.07670979)","(0.45472223, 0.04894813)","(0.38000098, 0.05307994)","(0.6017724, 0.032405414)","(0.46647963, 0.013991242)","(0.38947177, 0.020981507)","(0.08230502, 0.26027134)","(0.043736197, 0.138306)","(0.4053635, 0.3570667)","(0.4072985, 0.3592596)","(0.97268295, 0.051948536)","(0.854029, 0.05572917)","(0.086531654, 0.25345254)","(0.043378063, 0.12708022)","(0.74113786, 0.10973682)","(0.74124485, 0.109703384)","(0.9706249, 0.053613536)","(0.83858854, 0.07142698)"
unsat_tseitin_30_568_54824.cnf,0.5389756539756541,0.511646282219302,0.24478515625000002,0.24898437499999998,0.4700200593057735,0.4441565440608509,"(0.7543664, 0.004375939)","(0.76667535, 0.0039887796)","(0.15441804, 0.004080827)","(0.18290792, 0.009401592)","(0.17374197, 0.0046815304)","(0.25615987, 0.02550061)","(0.9050476, 0.0048673498)","(0.91975623, 0.024375116)","(0.38444966, 0.012646415)","(0.6577131, 0.029539376)","(0.4697082, 0.0067816605)","(0.6542898, 0.005044455)","(0.5955812, 0.008044567)","(0.45983472, 0.011447914)","(0.17752561, 0.017606515)","(0.21841288, 0.00869895)","(0.44391003, 0.014898911)","(0.44314522, 0.013353609)","(0.19163522, 0.09486745)","(0.16484098, 0.029540474)","(0.16942455, 0.035394054)","(0.28385964, 0.050519645)","(0.50331044, 0.088775985)","(0.5139475, 0.08652895)","(0.25849682, 0.08651462)","(0.17573619, 0.029293092)","(0.1267363, 0.022574794)","(0.21917105, 0.029771585)","(0.4220582, 0.061487578)","(0.43828565, 0.0624945)"
unsat_cliquecoloring_54_673.cnf,0.781004607091564,0.8912269412269408,0.11962575183782584,0.2741973840665875,0.4089602992202411,0.4088577548564886,"(0.60929394, 0.006185823)","(0.6045291, 0.0047332216)","(0.3153367, 0.004571516)","(0.3120499, 0.0043171835)","(0.37867576, 0.003765987)","(0.37821704, 0.0050120596)","(0.85714656, 0.012644233)","(0.7185264, 0.059990115)","(0.20378819, 0.012229409)","(0.33045068, 0.0238534)","(0.54045594, 0.003821606)","(0.4997301, 0.004188913)","(0.7598857, 0.009300784)","(0.77663976, 0.024209233)","(0.1647106, 0.0076276194)","(0.3377226, 0.01057835)","(0.37903535, 0.017056046)","(0.44828653, 0.033948313)","(0.15295462, 0.03496754)","(0.1682777, 0.061877)","(0.4959681, 0.086579755)","(0.6988896, 0.107745975)","(0.7547057, 0.08471036)","(0.72289544, 0.07885118)","(0.18192849, 0.02083034)","(0.23409936, 0.034471296)","(0.37451643, 0.04829006)","(0.5725005, 0.07351657)","(0.67038614, 0.057546802)","(0.65219545, 0.055344354)"
unsat_matching_80_365_47440.cnf,0.5115393634143632,0.5115393634143632,0.5234142623438429,0.6274550583729923,0.6769819600634371,0.6344386322887551,"(0.7462657, 0.009760457)","(0.6599079, 0.010724925)","(0.87437993, 0.0014119939)","(0.7967529, 0.016991515)","(0.52499765, 0.007703594)","(0.50175637, 0.0096114315)","(0.793153, 0.017497413)","(0.54895407, 0.035152424)","(0.825508, 0.0032478538)","(0.9002404, 0.0031814275)","(0.8720204, 0.00039870536)","(0.78944343, 0.007877244)","(0.40899935, 0.008143325)","(0.36112213, 0.011913382)","(0.42465448, 0.010324597)","(0.5866462, 0.01590204)","(0.6284689, 0.0076192)","(0.61315465, 0.0072217346)","(0.091761194, 0.10575177)","(0.06606483, 0.09231144)","(0.8707077, 0.13870248)","(0.91810435, 0.11113243)","(0.9368056, 0.093937516)","(0.8433356, 0.10535338)","(0.1396974, 0.07757257)","(0.102810286, 0.08055222)","(0.7934854, 0.12871815)","(0.88737774, 0.10809944)","(0.89942056, 0.089090325)","(0.798365, 0.08973294)"
unsat_tseitin_30_452_52851.cnf,0.5339205239205239,0.5067518828269938,0.24763656500929554,0.2476415094339623,0.5040109353191362,0.4817308100110528,"(0.8034481, 0.0019460988)","(0.7812876, 0.003951654)","(0.08310322, 0.0030764048)","(0.116940245, 0.0066513424)","(0.20578375, 0.0071051326)","(0.22802234, 0.008690888)","(0.8393725, 0.015344924)","(0.8818529, 0.008472095)","(0.30288205, 0.02901886)","(0.61595416, 0.013704168)","(0.55753714, 0.010796218)","(0.70918727, 0.006799904)","(0.5735085, 0.013431679)","(0.43973756, 0.014583414)","(0.1565819, 0.01195669)","(0.21635422, 0.0072666067)","(0.46930036, 0.011743658)","(0.44685656, 0.012228681)","(0.15877861, 0.06910912)","(0.19801638, 0.027880806)","(0.25369027, 0.054299463)","(0.42446274, 0.08392602)","(0.58879155, 0.10517766)","(0.5918313, 0.10204763)","(0.19730149, 0.067405)","(0.20372193, 0.020594383)","(0.1929051, 0.035230186)","(0.32420188, 0.05095213)","(0.5120503, 0.08053273)","(0.51837456, 0.07328633)"
sat_3clique_24_255_7737.cnf,0.9202928362362673,0.9601464181181333,0.019998740236835538,0.4166666666666667,0.44238729625803475,0.4482787177428357,"(0.88453734, 0.0045740516)","(0.84315455, 0.011641527)","(0.7546933, 0.0016475846)","(0.7322593, 0.010001193)","(0.55371726, 0.010753174)","(0.5358136, 0.0089141615)","(0.78585327, 0.020498179)","(0.6202084, 0.052282482)","(0.6420771, 0.024839321)","(0.7923068, 0.009781948)","(0.7409229, 0.0022850055)","(0.72569877, 0.0060467343)","(0.896108, 0.012150517)","(0.77730656, 0.018461142)","(0.017114358, 0.006916814)","(0.44119853, 0.008263968)","(0.40909663, 0.0054259337)","(0.4930659, 0.007885851)","(0.070671365, 0.1310763)","(0.038422775, 0.07365005)","(0.91186154, 0.11148833)","(0.9179556, 0.1043526)","(0.963344, 0.07491747)","(0.7808551, 0.105093665)","(0.094870105, 0.115526736)","(0.049966447, 0.0633628)","(0.9016708, 0.105983235)","(0.9121398, 0.0988026)","(0.95523393, 0.06705006)","(0.7490342, 0.0868466)"
sat_op_45_249_90577.cnf,0.5333333333333338,0.24694658209846437,0.21975308641975308,0.26548500062486075,0.43924730013103963,0.39186706354533013,"(0.630433, 0.010405313)","(0.59827226, 0.012216405)","(0.44775644, 0.008203872)","(0.41349506, 0.016289214)","(0.3633964, 0.011126401)","(0.36173177, 0.009969716)","(0.9197618, 0.012166827)","(0.77288866, 0.021035092)","(0.5037676, 0.0051632845)","(0.769042, 0.0028284655)","(0.60415775, 0.0056371232)","(0.6409005, 0.008471314)","(0.51056445, 0.010988404)","(0.24266012, 0.010753432)","(0.13587895, 0.004218578)","(0.2467973, 0.015252382)","(0.4341855, 0.0056539867)","(0.44218946, 0.005441816)","(0.10136535, 0.11017096)","(0.088054284, 0.14505123)","(0.8827402, 0.15277094)","(0.94243747, 0.09733206)","(0.9385978, 0.11344496)","(0.9212632, 0.11472759)","(0.13273808, 0.093479685)","(0.113107756, 0.12892397)","(0.8181694, 0.14071396)","(0.9295397, 0.097844616)","(0.9101682, 0.1071521)","(0.8811983, 0.10619763)"
sat_tseitin_30_424_85097.cnf,0.5253257853257854,0.49825466166723376,0.23272107166337935,0.23272107166337935,0.5064621913580247,0.47467809606481487,"(0.8099616, 0.0017589125)","(0.7861304, 0.0041388716)","(0.08000596, 0.0060175452)","(0.11664796, 0.004941155)","(0.20426054, 0.005175459)","(0.23840392, 0.011738729)","(0.83606166, 0.024458956)","(0.85935754, 0.019082783)","(0.46437398, 0.031163009)","(0.67345595, 0.019702118)","(0.5878445, 0.010238845)","(0.7241939, 0.0038395864)","(0.5842403, 0.0149914)","(0.43253407, 0.011372674)","(0.16139902, 0.014817109)","(0.21958604, 0.013523113)","(0.43879133, 0.013233306)","(0.42705578, 0.016023463)","(0.16082229, 0.06677367)","(0.19523554, 0.03011598)","(0.28251567, 0.059780553)","(0.4583239, 0.09171356)","(0.6087421, 0.10822254)","(0.6106571, 0.10150747)","(0.18748918, 0.065678015)","(0.21275029, 0.022813069)","(0.21017572, 0.039247345)","(0.3575354, 0.059695862)","(0.53159446, 0.08532242)","(0.53729993, 0.08096733)"
sat_php_188_804_77056.cnf,0.5475877688967419,1.0,0.5780403954713502,0.9481356238413923,0.8485477665165166,0.7800483151260889,"(0.43127275, 0.002838456)","(0.42067188, 0.004117776)","(0.66337025, 0.0023100353)","(0.63780874, 0.00305161)","(0.40576798, 0.0083534345)","(0.3993558, 0.0043401923)","(0.3080124, 0.010139051)","(0.32019487, 0.035860978)","(0.47656482, 0.0131815)","(0.5554933, 0.012519015)","(0.67623824, 0.0037273804)","(0.6543175, 0.0050688195)","(0.5141337, 0.004077937)","(0.70107555, 0.0062071774)","(0.2963569, 0.01272507)","(0.8651536, 0.0022386308)","(0.64267045, 0.0037147014)","(0.6933751, 0.004284593)","(0.15988222, 0.029219763)","(0.12854174, 0.04755874)","(0.515405, 0.080491446)","(0.6196848, 0.09015226)","(0.7573844, 0.074028224)","(0.67940867, 0.066855475)","(0.17883821, 0.017061979)","(0.1783582, 0.032820594)","(0.38638067, 0.04610689)","(0.49287295, 0.052899767)","(0.6717469, 0.046862025)","(0.61443055, 0.042781983)"
unsat_subsetcard_31_129_84276.cnf,0.43740399385560685,1.0,0.32725365654682126,0.9119515179768078,0.5057977537722907,0.7153260030864198,"(0.75002295, 0.013400161)","(0.72436213, 0.015814088)","(0.59250087, 0.0128625985)","(0.57913494, 0.021387704)","(0.4358622, 0.022902658)","(0.42263126, 0.020530494)","(0.8511609, 0.04280304)","(0.86737967, 0.027890122)","(0.5091156, 0.038294915)","(0.78306705, 0.008759175)","(0.6649914, 0.010992354)","(0.61407775, 0.0187604)","(0.38573733, 0.01098557)","(0.71632874, 0.039633125)","(0.29333457, 0.029853234)","(0.8098408, 0.015399206)","(0.54807395, 0.012295032)","(0.73520404, 0.009975801)","(0.073160574, 0.16531387)","(0.05578091, 0.14103368)","(0.9039298, 0.11474294)","(0.933969, 0.056652155)","(0.96253043, 0.08506321)","(0.9494201, 0.08711373)","(0.099160016, 0.16589858)","(0.07184028, 0.14612333)","(0.9071137, 0.12518232)","(0.94050676, 0.065175936)","(0.95638925, 0.0923495)","(0.9385908, 0.089024335)"
sat_dominating_60_970_53707.cnf,0.6905957686498467,0.7998687870366408,0.19471107902057802,0.4015549574949806,0.5475798866364694,0.5312516027304706,"(0.83309364, 0.0059302603)","(0.8226371, 0.0067759557)","(0.7982358, 0.008070786)","(0.7968774, 0.008018183)","(0.5645145, 0.008061815)","(0.5602727, 0.011344873)","(0.43999663, 0.08431508)","(0.36314815, 0.07469875)","(0.6471764, 0.035516743)","(0.8403117, 0.019084329)","(0.92467546, 0.0014541302)","(0.896118, 0.002198049)","(0.5887581, 0.008163471)","(0.66413456, 0.012256418)","(0.15748653, 0.004781996)","(0.37862068, 0.009695983)","(0.45736423, 0.0027043195)","(0.53069973, 0.0044100983)","(0.16500679, 0.015861116)","(0.13331357, 0.037711743)","(0.4445456, 0.06851331)","(0.52704555, 0.07497731)","(0.71524876, 0.06342372)","(0.6361416, 0.054024022)","(0.16954178, 0.015936647)","(0.16599663, 0.02490253)","(0.33631572, 0.03098394)","(0.40598616, 0.03899759)","(0.6371373, 0.03454492)","(0.57462084, 0.033711597)"
sat_cliquecoloring_69_305.cnf,0.48394430235862457,0.7614269788182821,0.3787812335725328,0.6129485833003335,0.6452024094381077,0.5770713209533072,"(0.48605004, 0.004236508)","(0.46489525, 0.00804662)","(0.44989166, 0.006482634)","(0.4316547, 0.010094698)","(0.38963988, 0.010679254)","(0.38853523, 0.008556438)","(0.4798366, 0.009793667)","(0.44697648, 0.055546384)","(0.25226158, 0.008305053)","(0.35875612, 0.018426673)","(0.5617777, 0.005350702)","(0.52002645, 0.0042702667)","(0.41329345, 0.00602132)","(0.6646904, 0.008943921)","(0.3313639, 0.00521949)","(0.6053372, 0.0058335983)","(0.52317435, 0.008599604)","(0.53874713, 0.009687173)","(0.10423819, 0.107054904)","(0.06431101, 0.0834991)","(0.87720805, 0.14640556)","(0.9041685, 0.12544616)","(0.93856573, 0.097788185)","(0.7944275, 0.109790675)","(0.1349397, 0.08350502)","(0.08727334, 0.076751955)","(0.8010559, 0.14077562)","(0.85603726, 0.12694398)","(0.901779, 0.09730864)","(0.7465315, 0.094712526)"
unsat_dominating_40_455_67184.cnf,0.6717822260353998,0.7880732895882476,0.1964183967450184,0.40057877550463894,0.516715708465369,0.5055907707766969,"(0.84752065, 0.00744951)","(0.8284485, 0.0072894474)","(0.722254, 0.01490168)","(0.7187658, 0.015094508)","(0.5583935, 0.012598497)","(0.55118895, 0.008528477)","(0.47156945, 0.033719093)","(0.3506806, 0.043705102)","(0.57694006, 0.015075242)","(0.7474375, 0.017508743)","(0.8564563, 0.001177155)","(0.8217317, 0.002411219)","(0.54295236, 0.017934183)","(0.5528861, 0.025597503)","(0.13607775, 0.015803406)","(0.46354428, 0.00880139)","(0.46872443, 0.004537393)","(0.5680338, 0.008004652)","(0.11065848, 0.07314175)","(0.068160765, 0.059488937)","(0.8378768, 0.13371575)","(0.8842285, 0.123501666)","(0.9202598, 0.09248326)","(0.77284, 0.0883213)","(0.15852597, 0.064030915)","(0.104767084, 0.056595784)","(0.7380496, 0.11454765)","(0.80856717, 0.1119858)","(0.8692619, 0.08291701)","(0.71930456, 0.07464248)"
