Instance,Original,EGNN2S,G2SAT,Small_Allo_GWAE2SAT,Big_Allo_GWAE2SAT,Small_Auto_GWAE2SAT,Big_Auto_GWAE2SAT,W2SAT
unsat_5clique_65_1825_50315.cnf,"[0.00012277740000001813, 0.00010608720000009342, 0.0007389673000002261, 0.00015528320000015582]","[0.00040867826, 0.00020164457, 0.00052238826, 0.0001000613]","[3.0338201e-06, 2.53518e-06, 1.5137921e-05, 2.47585e-06]","[3.3186502e-06, 2.8789902e-06, 2.1374111e-05, 2.82193e-06]","[4.9630074e-05, 0.00011491145, 0.0003878582, 0.00012612183]","[3.16048e-06, 2.65695e-06, 2.116272e-05, 2.84715e-06]","[5.310629e-05, 0.00013312604, 0.00041735024, 0.0001483408]",
sat_php_229_953_65845.cnf,"[2.819170000005755e-05, 2.7590300000035483e-05, 9.626510000000365e-05, 4.644169999998837e-05]","[0.00027718578, 0.00012238183, 0.000198309, 7.049486e-05]","[2.6236098e-06, 2.2176698e-06, 1.49220405e-05, 2.19804e-06]","[2.8743295e-06, 2.36934e-06, 2.112302e-05, 2.3831199e-06]","[4.074065e-05, 3.5849327e-05, 0.0002081102, 4.4852615e-05]","[2.8244401e-06, 2.3122998e-06, 2.104788e-05, 2.3041398e-06]","[4.881921e-05, 4.6349327e-05, 0.00025905957, 5.7975907e-05]",
unsat_dominating_80_1810_98166.cnf,"[0.0001368026000001521, 0.00018094340000001096, 0.0011329078000001046, 0.00021701440000008177]","[0.00041302986, 0.00019468898, 0.00047727907, 0.00010409679]","[3.0258802e-06, 2.4916e-06, 1.57599e-05, 2.47218e-06]","[3.1457398e-06, 2.7773299e-06, 2.061965e-05, 2.5884099e-06]","[5.3548167e-05, 8.0599384e-05, 0.00035299596, 8.954109e-05]","[3.16136e-06, 2.60085e-06, 2.0493699e-05, 2.5825398e-06]","[7.967201e-05, 0.00013681945, 0.0004518794, 0.0001516455]",
unsat_tiling_20_102_21063.cnf,"[7.702599999781513e-06, 8.07480000002414e-06, 2.5524999999859688e-05, 9.003200000456956e-06]","[3.3571563e-05, 2.447436e-05, 6.0037863e-05, 1.4980888e-05]","[2.42174e-06, 1.93991e-06, 1.274713e-05, 1.9345803e-06]","[5.51177e-06, 8.5148495e-06, 3.985733e-05, 1.065589e-05]","[1.183733e-05, 1.475381e-05, 8.05091e-05, 1.703644e-05]","[6.0099496e-06, 9.412231e-06, 4.426837e-05, 1.15661205e-05]","[1.209857e-05, 1.490772e-05, 8.079417e-05, 1.738731e-05]","[6.72632e-06, 7.4652003e-06, 2.3216431e-05, 7.92866e-06]"
sat_php_225_920_5668.cnf,"[2.7826899999894293e-05, 2.7550499999762224e-05, 9.350490000006317e-05, 4.632169999982949e-05]","[0.0002528241, 0.00011700371, 0.00018966002, 7.024252e-05]","[2.70664e-06, 2.38494e-06, 1.9946772e-05, 2.4351998e-06]","[2.84267e-06, 2.3770801e-06, 2.1296732e-05, 2.39801e-06]","[4.847358e-05, 4.644379e-05, 0.00025556135, 5.7383713e-05]","[2.7965498e-06, 2.5628e-06, 2.111726e-05, 2.36415e-06]","[5.2644424e-05, 4.5830184e-05, 0.00025663406, 5.7997902e-05]",
unsat_dominating_80_1809_31472.cnf,"[3.745019999996657e-05, 3.308219999986761e-05, 0.00018890059999989716, 5.287150000050644e-05]","[0.000406843, 0.00019305029, 0.0004709445, 0.0001029828]","[3.0631204e-06, 2.5737502e-06, 1.589505e-05, 2.53111e-06]","[3.25485e-06, 2.9111202e-06, 2.1131918e-05, 2.7683702e-06]","[6.7762136e-05, 9.7739e-05, 0.00037485207, 0.0001090519]","[3.3327196e-06, 2.6676103e-06, 2.088596e-05, 2.6576201e-06]","[5.150344e-05, 8.049796e-05, 0.00034602598, 8.9276306e-05]","[1.1980968e-05, 2.6990081e-05, 3.078863e-05, 7.698065e-05]"
unsat_php_94_857_1462.cnf,"[0.0001851017999999982, 0.00013188020000072244, 0.0009742250999998703, 0.00016028969999943855]","[0.00020723995, 9.693519e-05, 0.00023468005, 5.8207886e-05]","[2.6183302e-06, 2.2545598e-06, 1.5272639e-05, 2.3104299e-06]","[2.8861e-06, 2.4319002e-06, 2.1828859e-05, 2.41064e-06]","[2.260182e-05, 3.268306e-05, 0.00019336541, 4.219871e-05]","[2.8731401e-06, 2.49883e-06, 2.1413089e-05, 2.44104e-06]","[2.2590959e-05, 3.291644e-05, 0.0001929776, 4.2248652e-05]","[9.055098e-06, 1.651883e-05, 3.0512258e-05, 4.8460548e-05]"
unsat_tseitin_40_266_90515.cnf,"[0.2740457537000001, 0.24885495910000088, 1.0715797217000014, 0.08323819080000021]","[9.3292256e-05, 8.3844076e-05, 0.00033772242, 9.399945e-05]","[1.3486091e-05, 1.977093e-05, 5.217638e-05, 1.499778e-05]","[1.3711379e-05, 3.325068e-05, 0.00011951141, 3.4585362e-05]","[3.236627e-05, 5.116863e-05, 0.00030150174, 5.937338e-05]","[1.3395182e-05, 3.364076e-05, 0.00011882601, 3.481318e-05]","[4.2156556e-05, 5.1409133e-05, 0.0003054641, 5.9060974e-05]","[4.4394248e-05, 3.749532e-05, 0.00015130249, 3.48653e-05]"
unsat_tiling_20_782_63634.cnf,"[2.4933200000276655e-05, 3.0611399998292656e-05, 8.219950000096788e-05, 2.0423200001573606e-05]","[0.00018435005, 9.0175534e-05, 0.0002699309, 5.505658e-05]","[2.41895e-06, 2.23353e-06, 1.283062e-05, 2.03646e-06]","[2.6461998e-06, 2.3520201e-06, 2.144345e-05, 2.3530101e-06]","[4.524312e-05, 4.276826e-05, 0.0002450706, 5.444309e-05]","[2.7508202e-06, 2.41207e-06, 2.1478289e-05, 2.3561402e-06]","[6.086153e-05, 5.3405907e-05, 0.00029211666, 6.729011e-05]","[7.974059e-06, 1.47580895e-05, 2.6298378e-05, 2.335071e-05]"
unsat_5clique_65_1955_30435.cnf,"[5.616970000019705e-05, 9.582790000024488e-05, 0.0005441364000006388, 0.00012549959999859085]","[0.00042979224, 0.0002005557, 0.0004994993, 0.000105497485]","[0.06702992, 0.06367606, 0.27476025, 0.08438043]","[3.38201e-06, 2.7996502e-06, 2.122542e-05, 2.7648102e-06]","[5.82749e-05, 0.00012983754, 0.00041731246, 0.00014522541]","[3.3886797e-06, 2.8510299e-06, 2.128194e-05, 2.78713e-06]","[5.395001e-05, 0.0001301243, 0.00041504522, 0.00014602431]",
unsat_matching_80_356_51040.cnf,"[1.2934899997674165e-05, 2.4942200001021318e-05, 0.00011243279999746391, 3.669879999961268e-05]","[9.766896e-05, 5.2149862e-05, 7.988679e-05, 2.6273521e-05]","[2.4078402e-06, 2.0913499e-06, 1.4912e-05, 2.03836e-06]","[2.52497e-06, 2.2768602e-06, 2.0958298e-05, 2.20178e-06]","[3.2965567e-05, 3.5660978e-05, 0.00020402965, 4.3481687e-05]","[2.5418499e-06, 2.2535e-06, 2.140385e-05, 6.2241597e-06]","[3.330934e-05, 3.562021e-05, 0.00020426742, 4.372206e-05]","[7.78319e-06, 1.132693e-05, 2.869299e-05, 2.290648e-05]"
unsat_cliquecoloring_27_131.cnf,"[3.210469999999077e-05, 2.1754300000509375e-05, 0.00015663910000114357, 2.3050599997986866e-05]","[4.8447742e-05, 2.697176e-05, 6.0722894e-05, 1.708244e-05]","[2.3303899e-06, 2.01996e-06, 1.314846e-05, 1.9594102e-06]","[5.85461e-06, 9.45293e-06, 4.224941e-05, 1.144965e-05]","[1.742118e-05, 1.990965e-05, 0.000110577814, 2.3251789e-05]","[6.54376e-06, 1.0967111e-05, 4.666768e-05, 1.3796392e-05]","[1.7467271e-05, 2.0269481e-05, 0.00011084564, 2.281513e-05]","[1.023794e-05, 1.028697e-05, 3.277246e-05, 8.34749e-06]"
sat_5color_100_420_10212.cnf,"[8.645300003706779e-06, 1.66412999988097e-05, 5.142119999987926e-05, 2.5085199999352882e-05]","[0.00011238172, 5.5667286e-05, 0.000108995206, 3.23059e-05]","[2.502e-06, 2.14913e-06, 1.509157e-05, 2.1267401e-06]","[2.72153e-06, 2.3281402e-06, 2.1469483e-05, 2.2894299e-06]","[3.949809e-05, 3.7282018e-05, 0.00021787321, 4.7115478e-05]","[2.7309802e-06, 2.3053003e-06, 2.133953e-05, 2.30593e-06]","[3.908683e-05, 3.760313e-05, 0.00021549, 4.6865003e-05]","[7.76314e-06, 1.186522e-05, 3.134239e-05, 2.1619333e-05]"
unsat_matching_80_361_40622.cnf,"[0.0007748715000047923, 0.00041849049999882483, 0.0024554609000006166, 0.0005006043000008731]","[9.9431934e-05, 4.957539e-05, 9.39673e-05, 2.6455813e-05]","[2.40925e-06, 2.2819e-06, 1.4470061e-05, 2.0417299e-06]","[2.6950402e-06, 2.22044e-06, 2.1156611e-05, 2.27495e-06]","[3.306334e-05, 3.558885e-05, 0.0002057578, 4.4426753e-05]","[2.57103e-06, 2.23621e-06, 2.1335389e-05, 2.25711e-06]","[2.854755e-05, 2.9310391e-05, 0.00017185078, 3.597831e-05]","[7.60248e-06, 1.1643069e-05, 2.898386e-05, 2.203957e-05]"
unsat_4clique_32_452_22842.cnf,"[3.601030000055516e-05, 3.741959999956634e-05, 0.00019508979999613985, 3.592540000028066e-05]","[0.000108078624, 5.254139e-05, 0.0001587903, 3.296789e-05]","[2.44788e-06, 2.0509901e-06, 1.33904905e-05, 2.01818e-06]","[4.47608e-06, 7.738139e-06, 3.334301e-05, 9.630639e-06]","[2.971038e-05, 3.7187478e-05, 0.00021614964, 4.7937712e-05]","[5.05004e-06, 1.025113e-05, 3.8667138e-05, 1.344709e-05]","[2.9834651e-05, 3.7664264e-05, 0.00021627518, 4.751369e-05]","[7.751029e-06, 1.159871e-05, 2.5418942e-05, 2.6043732e-05]"
sat_matching_160_1285_40622.cnf,"[2.0468600001777305e-05, 0.004658318999996425, 0.0007149699000009946, 0.01044649540000222]","[0.00031981777, 0.00015136455, 0.0002705928, 7.933933e-05]","[3.0631302e-06, 2.49496e-06, 1.570371e-05, 2.4591e-06]","[3.1468098e-06, 2.7132899e-06, 2.085985e-05, 2.67081e-06]","[6.901276e-05, 7.010378e-05, 0.00029508758, 8.589869e-05]","[3.16925e-06, 2.66899e-06, 2.105196e-05, 2.63032e-06]","[5.664942e-05, 5.1228206e-05, 0.00024934585, 6.42517e-05]","[8.85186e-06, 2.15982e-05, 3.841494e-05, 6.9408175e-05]"
unsat_cliquecoloring_30_118.cnf,"[2.816949999839835e-05, 2.071600000022045e-05, 0.00015689449999882753, 2.2238500000071328e-05]","[4.3070573e-05, 2.307504e-05, 4.4532484e-05, 1.5440459e-05]","[2.3185098e-06, 1.98157e-06, 1.2643471e-05, 1.90978e-06]","[5.42575e-06, 7.836919e-06, 4.051695e-05, 9.3977005e-06]","[1.44815e-05, 1.78398e-05, 0.00010041904, 2.0874559e-05]","[7.1333898e-06, 1.15023795e-05, 5.0612078e-05, 1.36054805e-05]","[1.5038119e-05, 1.7983988e-05, 0.00010114813, 2.0712378e-05]","[8.3432105e-06, 8.688809e-06, 2.961909e-05, 8.2057495e-06]"
unsat_matching_40_111_28630.cnf,"[2.4494000015806704e-06, 1.996199999609871e-06, 1.3372000002220829e-05, 1.8729999979427703e-06]","[3.3045922e-05, 2.290986e-05, 5.4014854e-05, 1.4629761e-05]","[2.3508999e-06, 1.98812e-06, 1.303399e-05, 1.8825e-06]","[4.57684e-06, 7.68731e-06, 3.581967e-05, 9.57184e-06]","[1.18279e-05, 1.551651e-05, 8.469073e-05, 1.8738201e-05]","[4.87917e-06, 7.12938e-06, 3.6797373e-05, 8.94463e-06]","[1.231902e-05, 1.5669142e-05, 8.375417e-05, 1.840123e-05]","[6.6600596e-06, 8.086349e-06, 2.6041791e-05, 9.3442895e-06]"
unsat_4clique_52_1174_65351.cnf,"[0.0001130027999991512, 7.54028999978118e-05, 0.0006004270000005363, 0.000151398900000288]","[0.00027931953, 0.00012718799, 0.00032387656, 6.978501e-05]","[2.99019e-06, 2.48581e-06, 1.9297378e-05, 2.52374e-06]","[3.19551e-06, 2.68158e-06, 2.1833079e-05, 2.5920501e-06]","[3.956897e-05, 6.287522e-05, 0.0002756268, 7.953934e-05]","[3.0373099e-06, 2.56129e-06, 2.122074e-05, 2.5610102e-06]","[4.056399e-05, 8.3241364e-05, 0.00033205852, 0.000111715504]",
sat_dominating_70_1295_52087.cnf,"[7.149850000160995e-05, 3.8206599997181455e-05, 0.0005368324000016855, 4.740880000468906e-05]","[0.00030783453, 0.00014185559, 0.0003421361, 7.397864e-05]","[2.91314e-06, 2.36057e-06, 1.547235e-05, 2.6416199e-06]","[3.14705e-06, 2.69389e-06, 2.118111e-05, 2.61326e-06]","[5.003364e-05, 6.873682e-05, 0.00027552244, 8.544645e-05]","[2.93158e-06, 2.50002e-06, 2.099438e-05, 2.46112e-06]","[4.228064e-05, 6.792866e-05, 0.00022561019, 8.0163525e-05]","[1.0588271e-05, 2.0932079e-05, 3.101742e-05, 5.1185558e-05]"
unsat_tiling_10_47_90497.cnf,"[6.827800001474316e-06, 7.155000002967427e-06, 2.23873999971147e-05, 5.9909999990281905e-06]","[1.8258488e-05, 1.32778205e-05, 3.612403e-05, 9.088731e-06]","[2.33309e-06, 1.9550498e-06, 1.232481e-05, 1.87291e-06]","[6.49744e-06, 1.118443e-05, 4.4889057e-05, 1.177821e-05]","[7.532441e-06, 9.68157e-06, 4.74857e-05, 1.0121689e-05]","[4.7332796e-06, 7.96347e-06, 3.4331366e-05, 7.9950405e-06]","[7.035919e-06, 9.37418e-06, 4.8365742e-05, 1.0103349e-05]","[5.20415e-06, 6.75743e-06, 2.1273521e-05, 5.41635e-06]"
unsat_5clique_65_1825_12867.cnf,"[0.00018360800000039035, 9.698570000011841e-05, 0.000865019400002609, 0.00018183310000097208]","[0.0004048498, 0.0001878993, 0.0005027644, 0.00010202995]","[2.7646302e-06, 2.28056e-06, 1.46803895e-05, 2.2517302e-06]","[3.56661e-06, 2.84762e-06, 2.1550102e-05, 2.8721402e-06]","[5.3630403e-05, 0.0001314406, 0.00041616234, 0.00014645743]","[3.3063302e-06, 2.7908202e-06, 2.1332362e-05, 2.7637702e-06]","[5.335521e-05, 0.00013279499, 0.00041807565, 0.00014788935]",
unsat_op_90_775_81162.cnf,"[2.988100000322902e-06, 2.3791000003825504e-06, 1.6213999998626605e-05, 2.178499998706229e-06]","[0.00025890875, 0.00012368927, 0.00026872917, 8.217344e-05]","[4.8393e-06, 9.355101e-06, 2.0607682e-05, 1.0541591e-05]","[3.0362e-06, 2.58295e-06, 2.2241891e-05, 2.55698e-06]","[4.960315e-05, 6.479564e-05, 0.00035033678, 7.385414e-05]","[3.06377e-06, 2.6441999e-06, 2.225799e-05, 2.71793e-06]","[4.919149e-05, 6.455759e-05, 0.00034898607, 7.359993e-05]","[1.6531889e-05, 1.807549e-05, 3.7488502e-05, 3.4758243e-05]"
sat_dominating_70_1295_27876.cnf,"[4.749729999957708e-05, 6.50037000013981e-05, 0.0005207715000011603, 7.816719999880206e-05]","[0.00031229248, 0.0001424953, 0.00035976197, 7.665023e-05]","[2.70324e-06, 2.25809e-06, 1.340843e-05, 2.19901e-06]","[2.9888402e-06, 2.5232498e-06, 2.1033822e-05, 2.51211e-06]","[6.7549176e-05, 0.000109784225, 0.00033397006, 0.00013555877]","[3.0466401e-06, 2.57269e-06, 2.0969612e-05, 2.57907e-06]","[5.8959977e-05, 9.647902e-05, 0.00030747688, 0.000113949725]","[9.95862e-06, 2.0585281e-05, 2.926005e-05, 6.36828e-05]"
unsat_tiling_20_231_52499.cnf,"[1.9692600000098535e-05, 1.4699700001585824e-05, 3.782020000073771e-05, 1.4908700001114994e-05]","[5.7880774e-05, 3.20465e-05, 9.803231e-05, 1.91953e-05]","[2.32252e-06, 1.9547501e-06, 1.24277485e-05, 1.8910902e-06]","[2.41317e-06, 2.13262e-06, 2.024938e-05, 2.12349e-06]","[2.237719e-05, 2.6694572e-05, 0.00015169755, 3.2045198e-05]","[2.5184602e-06, 2.1447702e-06, 1.9888572e-05, 2.11107e-06]","[2.3433431e-05, 2.666236e-05, 0.00015182106, 3.2118864e-05]","[6.75942e-06, 8.673649e-06, 2.2662582e-05, 1.199217e-05]"
unsat_cliquecoloring_62_446.cnf,"[0.0001749639000024672, 0.00013285959999933538, 0.0007162688999997613, 0.00012590169999953104]","[0.00014639422, 6.698886e-05, 8.617963e-05, 3.5702087e-05]","[2.70819e-06, 2.0986402e-06, 1.3869299e-05, 2.00647e-06]","[2.56724e-06, 2.22509e-06, 2.1655209e-05, 2.2864e-06]","[4.212984e-05, 4.485224e-05, 0.00025922962, 5.481489e-05]","[2.5922302e-06, 2.48442e-06, 2.1600981e-05, 2.32078e-06]","[4.3009197e-05, 4.455249e-05, 0.00025891574, 5.4483018e-05]","[1.08108e-05, 1.2752629e-05, 2.6976908e-05, 2.2078371e-05]"
sat_php_234_997_36616.cnf,"[2.9262899998627746e-05, 3.0049000000076375e-05, 9.576930000179117e-05, 4.8291500000630094e-05]","[0.0002884262, 0.00012510712, 0.00020923046, 7.50001e-05]","[8.49712e-06, 2.698936e-05, 2.3924029e-05, 1.778115e-05]","[3.0384601e-06, 2.6968999e-06, 2.120846e-05, 2.5568302e-06]","[3.1087202e-05, 3.651472e-05, 0.00020879135, 4.550909e-05]","[2.89206e-06, 2.5271302e-06, 2.1268559e-05, 2.4986498e-06]","[6.751424e-05, 5.7742727e-05, 0.00030483055, 7.288077e-05]",
unsat_dominating_80_1808_68998.cnf,"[4.0800300003240866e-05, 3.292310000233556e-05, 0.00015427360000046518, 5.084120000162784e-05]","[0.00040749795, 0.0001938989, 0.0004978263, 0.00010339508]","[3.28085e-06, 2.6011298e-06, 1.6072689e-05, 2.57885e-06]","[3.4022e-06, 2.7957299e-06, 2.1055801e-05, 2.8321701e-06]","[6.222441e-05, 0.000116835305, 0.00040731175, 0.00013166592]","[3.31201e-06, 2.83786e-06, 2.124765e-05, 2.7827202e-06]","[7.186316e-05, 0.00011547089, 0.0004055528, 0.00013051127]","[9.62058e-06, 2.654636e-05, 3.0199011e-05, 7.4296826e-05]"
unsat_matching_60_259_93884.cnf,"[0.0017136000999997236, 0.0013841442999989796, 0.010050909000001695, 0.002075041100002295]","[7.455518e-05, 4.127572e-05, 6.8221656e-05, 2.1832211e-05]","[2.43544e-06, 2.3372002e-06, 1.3795509e-05, 1.94735e-06]","[2.4097e-06, 2.21995e-06, 2.015207e-05, 2.15325e-06]","[2.409083e-05, 2.8945939e-05, 0.00016468576, 3.4219986e-05]","[2.4273402e-06, 2.21303e-06, 2.013194e-05, 2.21292e-06]","[2.5522811e-05, 2.8500479e-05, 0.00016383223, 3.4853612e-05]","[7.0195797e-06, 9.92369e-06, 2.8627739e-05, 1.705057e-05]"
unsat_tseitin_20_100_94365.cnf,"[0.0024886117999983527, 0.0024763071000009516, 0.00831825339999881, 0.0019339426999977149]","[3.8767837e-05, 3.982993e-05, 0.0001237176, 4.1746804e-05]","[6.9688504e-06, 9.56033e-06, 2.8994531e-05, 6.4557703e-06]","[1.1612509e-05, 2.1181932e-05, 9.282875e-05, 2.268342e-05]","[2.11103e-05, 2.532631e-05, 0.00014399257, 2.8420696e-05]","[1.122059e-05, 2.107475e-05, 9.3264905e-05, 2.2535909e-05]","[1.765049e-05, 2.524624e-05, 0.00014557, 2.834714e-05]","[2.2130263e-05, 1.3880129e-05, 7.5151926e-05, 1.231225e-05]"
sat_4color_120_450_33000.cnf,"[9.761999999113869e-06, 1.875999999896294e-05, 5.526360000231989e-05, 3.0127500001242424e-05]","[0.00012129054, 5.946139e-05, 0.00010084772, 3.514363e-05]","[2.66501e-06, 2.11881e-06, 1.571297e-05, 2.0705297e-06]","[2.5508002e-06, 2.2525203e-06, 2.1278289e-05, 2.2447e-06]","[4.29609e-05, 3.9306542e-05, 0.00022667879, 4.9076618e-05]","[2.64215e-06, 2.2706397e-06, 2.169945e-05, 2.24043e-06]","[4.101203e-05, 3.9189752e-05, 0.00022481852, 4.906833e-05]","[8.41495e-06, 1.27822395e-05, 3.24791e-05, 2.3224242e-05]"
sat_5color_250_1550_97858.cnf,"[8.400990000154707e-05, 4.859239999888132e-05, 0.00015508969999871168, 8.479599999873244e-05]","[0.00038810255, 0.00017818503, 0.00022036894, 9.300823e-05]","[3.4020698e-06, 2.66296e-06, 1.90412e-05, 2.7137198e-06]","[3.17282e-06, 2.7019e-06, 2.0893962e-05, 2.7161e-06]","[8.815811e-05, 0.00010121833, 0.0003704422, 0.00011850824]","[3.1915902e-06, 2.6299099e-06, 2.082204e-05, 2.65394e-06]","[6.732411e-05, 7.788399e-05, 0.0002756663, 8.9497e-05]","[1.607621e-05, 2.618648e-05, 4.295343e-05, 5.6601617e-05]"
unsat_dominating_80_1810_56432.cnf,"[0.00024018729999824017, 0.0002760775999988141, 0.0015353216999997698, 0.0002468297999982383]","[0.00041008758, 0.0001938809, 0.00047704214, 0.000107097134]","[3.1429397e-06, 2.5918698e-06, 1.599162e-05, 2.56339e-06]","[3.2944802e-06, 2.7392e-06, 2.127118e-05, 2.7472e-06]","[5.9744983e-05, 9.925611e-05, 0.0003858973, 0.00011134146]","[3.47361e-06, 2.72094e-06, 2.129823e-05, 2.75866e-06]","[5.3702843e-05, 8.114442e-05, 0.00035275513, 9.131719e-05]",
sat_tiling_5_19_51205.cnf,"[3.850999998178395e-06, 6.460900000604397e-06, 1.9728800003804282e-05, 4.285699999684311e-06]","[3.8981498e-06, 6.2558893e-06, 1.804649e-05, 3.61503e-06]","[2.3833e-06, 2.5236e-06, 1.24220505e-05, 2.05266e-06]","[4.5363095e-06, 8.366949e-06, 3.001774e-05, 6.87824e-06]","[4.41251e-06, 6.33984e-06, 2.835019e-05, 5.86783e-06]","[4.3812397e-06, 8.476671e-06, 3.002438e-05, 6.75891e-06]","[4.7105104e-06, 6.367e-06, 2.7651782e-05, 5.92683e-06]","[4.8337397e-06, 6.05675e-06, 1.915247e-05, 3.6389e-06]"
sat_php_232_978_45755.cnf,"[2.900460000176963e-05, 2.8341900001294108e-05, 9.81048000028295e-05, 4.736100000002352e-05]","[0.00027886248, 0.00012266568, 0.00019581123, 7.6394004e-05]","[2.77228e-06, 2.3592502e-06, 1.988859e-05, 2.33595e-06]","[2.7762203e-06, 2.3381697e-06, 2.102666e-05, 2.4069298e-06]","[5.678063e-05, 5.8355326e-05, 0.00031179062, 7.37386e-05]","[2.9768698e-06, 2.51178e-06, 2.1331949e-05, 2.50749e-06]","[6.5869055e-05, 5.7825055e-05, 0.00030993953, 7.3012525e-05]",
unsat_dominating_80_1810_67242.cnf,"[0.00025163179999481143, 0.00019074019999720804, 0.0012742190999972536, 0.0001826422000021921]","[0.00041034297, 0.00019403474, 0.00045347243, 0.000104765975]","[3.23104e-06, 2.62764e-06, 1.593334e-05, 2.68304e-06]","[3.32124e-06, 2.7063602e-06, 2.103238e-05, 2.72969e-06]","[7.314206e-05, 9.937144e-05, 0.00038731383, 0.00011038252]","[3.4304903e-06, 2.81083e-06, 2.14692e-05, 2.8254601e-06]","[6.803431e-05, 9.885065e-05, 0.00038263501, 0.0001105313]","[1.140288e-05, 2.642587e-05, 3.071547e-05, 7.832246e-05]"
sat_php_234_997_1553.cnf,"[2.915369999811901e-05, 2.8496000004452073e-05, 9.606979999432497e-05, 4.901039999936074e-05]","[0.00028759666, 0.00012570611, 0.00021813912, 7.348454e-05]","[2.73757e-06, 2.33635e-06, 2.028645e-05, 2.29044e-06]","[2.85898e-06, 2.49407e-06, 2.130954e-05, 2.3981e-06]","[6.4673004e-05, 5.8370853e-05, 0.00030807155, 7.375094e-05]","[2.93989e-06, 2.4171e-06, 2.1115631e-05, 2.3941e-06]","[4.907992e-05, 4.7390316e-05, 0.00025976088, 5.9593258e-05]",
sat_subsetcard_64_1792_25143.cnf,"[5.8883799997033745e-05, 5.069389999903251e-05, 0.00012292430000115928, 3.704070000480897e-05]","[0.00093445834, 0.0004166547, 0.00081789645, 0.00019139501]","[0.0009572945, 0.0007222934, 0.0020275763, 0.0007399627]","[3.65006e-05, 0.0002023136, 0.00024217712, 0.00019718564]","[0.00018890834, 0.00017161487, 0.0006408061, 0.00017106581]","[3.767679e-05, 0.0001939894, 0.00020987501, 0.00019993815]","[0.00018974682, 0.00017190368, 0.0006397318, 0.00017156958]","[6.0386323e-05, 5.5095217e-05, 0.0001553033, 4.4576427e-05]"
unsat_subsetcard_53_818_50334.cnf,"[177.48680114510003, 162.10383119469998, 966.2133587689999, 67.85517705599977]","[0.0004029316, 0.0002848145, 0.0005896144, 0.00029554503]","[2.409307e-05, 4.298615e-05, 7.3158626e-05, 4.304827e-05]","[1.3371269e-05, 5.5703935e-05, 9.5371375e-05, 5.7828718e-05]","[3.9361e-05, 0.000100108984, 0.0003614843, 0.00010838015]","[1.36512e-05, 5.6517678e-05, 9.444409e-05, 5.8628077e-05]","[3.5906225e-05, 8.0384896e-05, 0.00033923818, 8.791668e-05]","[9.848271e-06, 1.754671e-05, 3.282825e-05, 2.1588961e-05]"
unsat_tiling_10_124_9529.cnf,"[1.0620800276228693e-05, 9.858500015980099e-06, 2.9117600388417485e-05, 8.444599734502844e-06]","[2.4826619e-05, 1.998695e-05, 6.5398155e-05, 1.872712e-05]","[2.3024e-06, 1.9370098e-06, 1.197662e-05, 1.8690898e-06]","[6.8777103e-06, 1.1782259e-05, 4.774201e-05, 1.4196412e-05]","[1.261921e-05, 1.678708e-05, 9.281654e-05, 1.957686e-05]","[5.27483e-06, 9.47918e-06, 3.8238348e-05, 1.079987e-05]","[1.11526115e-05, 1.42011795e-05, 7.891857e-05, 1.6312131e-05]","[5.7793704e-06, 7.28656e-06, 2.291267e-05, 7.2409e-06]"
sat_tseitin_20_118_71779.cnf,"[8.868400072969962e-06, 1.0065899914479814e-05, 3.166530004818924e-05, 7.338900104514323e-06]","[3.377736e-05, 3.788081e-05, 0.00010307117, 4.16592e-05]","[8.4639105e-06, 1.069835e-05, 3.4348137e-05, 7.03884e-06]","[1.172841e-05, 2.306221e-05, 0.000100183286, 2.366941e-05]","[2.218492e-05, 2.9783772e-05, 0.00017359058, 3.4135264e-05]","[1.185558e-05, 2.2860148e-05, 9.95859e-05, 2.4835932e-05]","[2.8076518e-05, 3.0170011e-05, 0.00017368462, 3.434395e-05]","[2.266165e-05, 1.6305119e-05, 6.297305e-05, 1.4013509e-05]"
sat_tiling_10_236_77445.cnf,"[6.088000009185634e-06, 8.795499888947234e-06, 2.0584699632308913e-05, 6.941099672985729e-06]","[5.90758e-05, 3.249355e-05, 9.7176366e-05, 2.0618209e-05]","[2.3366297e-06, 2.0062703e-06, 1.211373e-05, 1.94007e-06]","[4.85685e-06, 8.94657e-06, 3.822773e-05, 1.174207e-05]","[1.7687209e-05, 2.105064e-05, 0.00012510705, 2.5865598e-05]","[4.0496398e-06, 6.65389e-06, 3.2162432e-05, 8.4046205e-06]","[2.392555e-05, 2.6302881e-05, 0.0001501022, 3.1683412e-05]","[5.7536595e-06, 8.69262e-06, 2.2751332e-05, 8.2264205e-06]"
sat_php_222_895_6.cnf,"[2.816759988490958e-05, 2.848449967132183e-05, 9.258840000256897e-05, 4.5131099795980845e-05]","[0.00025010025, 0.000117642376, 0.00020122602, 7.0111855e-05]","[2.7944095e-06, 2.3795699e-06, 2.0396861e-05, 2.36569e-06]","[2.84577e-06, 2.45689e-06, 2.217146e-05, 2.45153e-06]","[4.9374055e-05, 4.772418e-05, 0.000257233, 6.078848e-05]","[2.8451902e-06, 2.4690396e-06, 2.217766e-05, 2.4154601e-06]","[5.7649922e-05, 4.7601075e-05, 0.00025637163, 6.0256792e-05]",
unsat_dominating_80_1810_66379.cnf,"[0.0004534673000307521, 0.0002979996002977714, 0.0019375416000912082, 0.0004200363999188994]","[0.00042613834, 0.00021296072, 0.0004623463, 0.000105932915]","[3.21937e-06, 2.5490901e-06, 1.621299e-05, 2.58648e-06]","[3.32755e-06, 2.7272097e-06, 2.118092e-05, 2.79423e-06]","[6.038791e-05, 9.990782e-05, 0.00038395324, 0.00011105036]","[3.4038198e-06, 2.70646e-06, 2.120324e-05, 2.70803e-06]","[5.9206097e-05, 0.0001000858, 0.00038465578, 0.000111714566]",
unsat_cliquecoloring_50_356.cnf,"[0.00017191459992318414, 0.00013024580002820584, 0.0006835453998064623, 0.0001228899001944228]","[0.00011897441, 6.535718e-05, 0.000103825914, 3.372832e-05]","[2.3579003e-06, 2.0494397e-06, 1.417352e-05, 1.9916401e-06]","[2.54452e-06, 2.2601698e-06, 2.1391548e-05, 2.2170198e-06]","[3.689786e-05, 3.9629715e-05, 0.00023145135, 4.696773e-05]","[2.5536601e-06, 2.28158e-06, 2.125117e-05, 2.23286e-06]","[3.673285e-05, 3.9398e-05, 0.00023011111, 4.6583107e-05]","[9.022899e-06, 1.1622499e-05, 2.642622e-05, 1.6057562e-05]"
unsat_5clique_50_1130_76720.cnf,"[4.790389994013822e-05, 6.142729980638251e-05, 0.0002932623003289336, 5.124549970787484e-05]","[0.00027009507, 0.00012355587, 0.00034339385, 7.475361e-05]","[2.7912001e-06, 2.3731202e-06, 1.9115021e-05, 2.36311e-06]","[3.0086298e-06, 2.55221e-06, 2.141401e-05, 2.5640602e-06]","[3.356989e-05, 5.6611305e-05, 0.00027844732, 7.4852214e-05]","[3.0389099e-06, 2.52031e-06, 2.1168642e-05, 2.39654e-06]","[2.572397e-05, 5.404132e-05, 0.00021826725, 6.832698e-05]",
unsat_5clique_65_1695_90705.cnf,"[9.135679993050871e-05, 0.00014074990012886702, 0.0008219177998398663, 0.00023916310001368402]","[0.0003873356, 0.00020025406, 0.0004821536, 0.00010364035]","[3.15612e-06, 2.6409302e-06, 1.8850671e-05, 2.58963e-06]","[3.35773e-06, 2.6804498e-06, 2.1632459e-05, 2.73037e-06]","[6.1478095e-05, 0.0001496464, 0.0004447035, 0.00016973611]","[3.34133e-06, 2.73378e-06, 2.133323e-05, 2.7247802e-06]","[5.602763e-05, 0.00013789338, 0.0003975861, 0.00015659805]",
sat_5color_250_1300_97403.cnf,"[1.8844299665943255e-05, 3.908270009560511e-05, 9.827109970501624e-05, 6.585169976460747e-05]","[0.00033964697, 0.00016439307, 0.00021545873, 8.081547e-05]","[2.94794e-06, 2.3519e-06, 1.763824e-05, 2.3673504e-06]","[2.9102102e-06, 2.43179e-06, 2.112199e-05, 2.4574997e-06]","[5.31846e-05, 6.259523e-05, 0.00023294629, 7.708225e-05]","[3.0194299e-06, 2.53417e-06, 2.09521e-05, 2.6776e-06]","[4.8650698e-05, 5.5099e-05, 0.00023314935, 7.057427e-05]","[9.876941e-06, 2.3048971e-05, 4.0436847e-05, 5.6655186e-05]"
sat_3clique_30_348_89891.cnf,"[4.627700400305912e-06, 1.6164300359378102e-05, 6.558899985975586e-05, 1.4861700037727132e-05]","[8.6658474e-05, 4.56805e-05, 0.00013083464, 3.0449879e-05]","[2.3111897e-06, 2.00418e-06, 1.258258e-05, 1.98902e-06]","[4.26769e-06, 7.60758e-06, 3.3319808e-05, 9.78765e-06]","[2.451584e-05, 3.180389e-05, 0.00018435725, 3.977902e-05]","[4.86721e-06, 9.599911e-06, 3.811445e-05, 1.2468989e-05]","[2.4127969e-05, 3.173817e-05, 0.0001856862, 3.988868e-05]","[7.1720206e-06, 1.049365e-05, 2.43146e-05, 2.057906e-05]"
unsat_dominating_80_1810_70888.cnf,"[5.9892699755437204e-05, 4.635089990188135e-05, 0.0004019301999505842, 7.49266993807396e-05]","[0.00041674683, 0.00019431172, 0.00048395185, 0.00010684114]","[3.1652798e-06, 2.54067e-06, 1.571115e-05, 2.5742e-06]","[3.3698398e-06, 2.75192e-06, 2.1401309e-05, 2.7479e-06]","[5.804432e-05, 8.206034e-05, 0.00035339128, 9.0390655e-05]","[3.3398203e-06, 2.7378003e-06, 2.119219e-05, 2.7175697e-06]","[6.941351e-05, 0.00011831019, 0.0004143631, 0.00013098803]",
unsat_5clique_65_1825_42075.cnf,"[6.272569989960176e-05, 9.298549994127825e-05, 0.0007215337998786708, 0.00014116979982645717]","[0.00040347222, 0.0001875551, 0.00052302383, 0.000102861144]","[2.8060301e-06, 2.27609e-06, 1.383037e-05, 2.28497e-06]","[3.3461802e-06, 2.7614801e-06, 2.141188e-05, 2.6160901e-06]","[4.8306647e-05, 0.00011460688, 0.00039019305, 0.0001276182]","[3.45193e-06, 2.7764902e-06, 2.176757e-05, 2.7669198e-06]","[4.952355e-05, 0.00011444598, 0.00039052923, 0.0001269331]",
sat_4clique_40_664_58622.cnf,"[5.481400330609177e-06, 6.402079998224508e-05, 0.0003049957000257564, 2.0406700241437647e-05]","[0.00016225858, 7.5866286e-05, 0.00021733627, 4.2642285e-05]","[2.45424e-06, 2.08387e-06, 1.350532e-05, 2.0513e-06]","[2.7420604e-06, 2.3301598e-06, 2.1540078e-05, 2.32639e-06]","[3.109296e-05, 4.6178768e-05, 0.00025889193, 6.074142e-05]","[3.4974e-06, 5.3340495e-06, 2.7490081e-05, 6.38762e-06]","[3.640039e-05, 4.599674e-05, 0.00025836407, 6.118377e-05]",
sat_php_224_918_91788.cnf,"[2.8588799978024326e-05, 2.655990028870292e-05, 9.38387003770913e-05, 4.548919987428235e-05]","[0.00025397947, 0.00012529454, 0.00020088693, 7.161089e-05]","[2.8007298e-06, 2.3165198e-06, 1.957542e-05, 2.34109e-06]","[2.81802e-06, 2.39923e-06, 2.133387e-05, 2.37063e-06]","[6.538699e-05, 5.7019068e-05, 0.0003057723, 7.1593735e-05]","[2.85892e-06, 2.40815e-06, 2.1400172e-05, 2.54644e-06]","[4.0957748e-05, 3.572401e-05, 0.00020695847, 4.438291e-05]",
sat_dominating_70_1295_25518.cnf,"[6.682290022581583e-05, 8.306740000989521e-05, 0.0005217312000240781, 9.357090002595214e-05]","[0.00030781273, 0.00014129732, 0.00034249085, 7.969825e-05]","[2.8243198e-06, 2.24676e-06, 1.5211481e-05, 2.2170702e-06]","[3.05947e-06, 2.5061202e-06, 2.113402e-05, 2.49071e-06]","[1.101041e-05, 2.021393e-05, 9.937152e-05, 2.5372708e-05]","[2.94566e-06, 2.4762503e-06, 2.1290161e-05, 2.45634e-06]","[3.7103917e-05, 5.260043e-05, 0.00019196166, 6.0475297e-05]","[9.199341e-06, 2.057909e-05, 3.012071e-05, 5.666762e-05]"
sat_php_220_881_91073.cnf,"[2.6881400117417797e-05, 2.6569299916445743e-05, 9.202199998981087e-05, 4.829519966733642e-05]","[0.00024539113, 0.00011441241, 0.00017896821, 6.6388384e-05]","[2.7113e-06, 2.34629e-06, 1.960531e-05, 2.3203402e-06]","[2.6542e-06, 2.3226398e-06, 2.152177e-05, 2.3120301e-06]","[6.419036e-05, 5.626108e-05, 0.00030371075, 7.057002e-05]","[2.7699703e-06, 2.32771e-06, 2.122545e-05, 2.3217203e-06]","[4.7220667e-05, 4.593748e-05, 0.00025603897, 5.7751975e-05]",
sat_php_227_942_25083.cnf,"[2.491080031177262e-05, 2.8550499882840087e-05, 9.635300011723302e-05, 4.649780021281913e-05]","[0.00026270552, 0.00011863057, 0.00019571865, 7.682129e-05]","[2.7562598e-06, 2.2837798e-06, 2.0276979e-05, 2.2966801e-06]","[2.78991e-06, 2.4904198e-06, 2.1684311e-05, 2.4285898e-06]","[6.0440994e-05, 5.734602e-05, 0.0003096812, 7.175003e-05]","[2.78354e-06, 2.38466e-06, 2.123944e-05, 2.6266e-06]","[5.824992e-05, 4.6178444e-05, 0.00025781157, 5.9158272e-05]",
unsat_matching_40_184_2153.cnf,"[2.7137699908053038e-05, 2.8928500069014262e-05, 0.00015200920006464003, 3.170130021317164e-05]","[5.206295e-05, 3.205645e-05, 5.751724e-05, 1.6831962e-05]","[2.35358e-06, 2.04198e-06, 1.3254061e-05, 1.95201e-06]","[2.5576799e-06, 2.1329301e-06, 1.995696e-05, 2.18676e-06]","[2.0399559e-05, 2.3138582e-05, 0.00012674837, 2.699912e-05]","[4.84754e-06, 8.69241e-06, 3.667496e-05, 1.08695995e-05]","[1.9515881e-05, 2.2525768e-05, 0.00012681982, 2.7136432e-05]","[7.1781296e-06, 9.0004e-06, 2.663596e-05, 1.354509e-05]"
sat_4clique_40_604_39950.cnf,"[4.982099744665902e-06, 3.54167999830679e-05, 0.00011574299987842096, 2.0864300495304633e-05]","[0.00014518051, 6.878512e-05, 0.0002088983, 3.770712e-05]","[2.3641999e-06, 2.0678099e-06, 1.3206981e-05, 2.0059e-06]","[2.6019698e-06, 2.26276e-06, 2.184714e-05, 2.2222398e-06]","[2.9034112e-05, 3.5503683e-05, 0.00021070745, 4.678734e-05]","[3.44016e-06, 5.47244e-06, 2.702935e-05, 6.8614804e-06]","[2.9707171e-05, 4.4363984e-05, 0.00025106219, 5.7729972e-05]","[8.0461e-06, 1.329261e-05, 2.6921713e-05, 3.233707e-05]"
unsat_dominating_80_1810_41876.cnf,"[0.0003937935996873421, 0.00040594700003566687, 0.001477769900157, 0.00048712359985074726]","[0.00041354727, 0.00019524907, 0.00047908333, 0.00010937337]","[3.14977e-06, 2.4977799e-06, 1.63518e-05, 2.47915e-06]","[3.37466e-06, 2.75718e-06, 2.1450769e-05, 2.7185201e-06]","[6.8891306e-05, 0.000118019045, 0.000415535, 0.0001428198]","[3.4417703e-06, 2.7868296e-06, 2.1284362e-05, 2.72155e-06]","[9.377997e-05, 0.00011941408, 0.00041440496, 0.00013240823]","[1.11012105e-05, 2.6383088e-05, 3.096332e-05, 7.9529695e-05]"
unsat_dominating_80_1810_65972.cnf,"[5.571129968302557e-05, 3.619159979280084e-05, 0.0004095001000678167, 5.738869986089412e-05]","[0.00041340542, 0.00019518158, 0.00045721, 0.000102615915]","[3.2499e-06, 2.64582e-06, 1.6309199e-05, 2.77944e-06]","[3.48125e-06, 2.7783797e-06, 2.152329e-05, 2.8040197e-06]","[6.490985e-05, 9.98832e-05, 0.0003844484, 0.00011115748]","[3.39829e-06, 2.8110298e-06, 2.1593782e-05, 2.73213e-06]","[6.936256e-05, 9.948479e-05, 0.0003839116, 0.000109905915]",
unsat_3color_90_480_50860.cnf,"[2.8301699785515666e-05, 3.0888699984643606e-05, 0.00015582210071443114, 4.017800019937567e-05]","[0.00012413859, 6.4818145e-05, 0.00012162997, 3.476168e-05]","[2.4531703e-06, 2.3403898e-06, 1.484269e-05, 2.0898099e-06]","[2.73753e-06, 2.25748e-06, 2.15716e-05, 2.35443e-06]","[3.000549e-05, 3.909838e-05, 0.00022779824, 4.979294e-05]","[2.54044e-06, 2.26574e-06, 2.1732132e-05, 2.2538802e-06]","[3.6151283e-05, 3.9817845e-05, 0.00022888619, 5.0603056e-05]","[8.6294e-06, 1.2748829e-05, 3.131292e-05, 1.9058969e-05]"
sat_php_224_908_8740.cnf,"[2.8801100052078253e-05, 2.733289984462317e-05, 9.395059987582499e-05, 4.635540008166572e-05]","[0.00025332678, 0.000118347394, 0.00018802358, 6.771319e-05]","[2.79742e-06, 2.4005599e-06, 1.9610601e-05, 2.33669e-06]","[2.80966e-06, 2.34104e-06, 2.1490621e-05, 2.3253701e-06]","[6.0077415e-05, 5.6724646e-05, 0.0003049858, 7.122934e-05]","[2.9229702e-06, 2.46319e-06, 2.1369542e-05, 2.48101e-06]","[6.103426e-05, 5.6423043e-05, 0.00030386244, 7.085353e-05]",
sat_tiling_10_244_40767.cnf,"[6.630299685639329e-06, 9.259899889002554e-06, 2.1171399748709518e-05, 7.18120008968981e-06]","[6.158752e-05, 3.2634038e-05, 9.435281e-05, 2.1977079e-05]","[2.3077498e-06, 1.94914e-06, 1.187537e-05, 1.9081901e-06]","[4.17124e-06, 6.8654504e-06, 3.183286e-05, 8.388301e-06]","[1.942237e-05, 2.6185397e-05, 0.00015133517, 3.2535776e-05]","[4.2610695e-06, 7.0064502e-06, 3.19756e-05, 8.709199e-06]","[2.5824731e-05, 2.641909e-05, 0.00015199343, 3.1570733e-05]","[5.73802e-06, 8.785811e-06, 2.2745251e-05, 8.28166e-06]"
unsat_dominating_80_1810_31472.cnf,"[0.0004494472001169925, 0.0004232825000144658, 0.0019685327002662233, 0.0005817056002342724]","[0.00040998362, 0.00019826507, 0.00046364497, 0.00010800343]","[3.36304e-06, 2.62954e-06, 1.634542e-05, 2.6134599e-06]","[3.3656202e-06, 2.69499e-06, 2.144685e-05, 2.68351e-06]","[7.861495e-05, 0.00011774579, 0.0004183012, 0.00013087217]","[3.3568897e-06, 2.78557e-06, 2.1385062e-05, 2.7377603e-06]","[7.999722e-05, 0.00011897064, 0.00041740708, 0.00013167388]",
sat_3clique_39_666_65351.cnf,"[4.9103002311312595e-06, 2.207120014645625e-05, 0.0001581422005983768, 2.2674499632557854e-05]","[0.00015958177, 7.575122e-05, 0.00021740654, 3.9692615e-05]","[2.3607897e-06, 2.00426e-06, 1.3266009e-05, 1.9978202e-06]","[3.2828405e-06, 5.38896e-06, 2.6938229e-05, 6.02319e-06]","[3.089732e-05, 4.585338e-05, 0.00025946222, 6.0692495e-05]","[2.7189e-06, 2.34859e-06, 2.188523e-05, 2.33338e-06]","[3.1115273e-05, 4.622014e-05, 0.00025939159, 6.12824e-05]",
sat_tiling_10_237_83086.cnf,"[5.62250006623799e-06, 8.960199556895531e-06, 2.0464400040509646e-05, 7.773499964969232e-06]","[5.328036e-05, 3.202398e-05, 9.366571e-05, 2.114294e-05]","[2.2567099e-06, 1.89328e-06, 1.1832381e-05, 1.8809202e-06]","[6.43909e-06, 1.3720541e-05, 4.9692673e-05, 1.731215e-05]","[2.374101e-05, 2.5928637e-05, 0.00014925477, 3.136906e-05]","[3.2379098e-06, 4.37866e-06, 2.630169e-05, 5.41431e-06]","[2.220904e-05, 2.6198177e-05, 0.00014973742, 3.143373e-05]","[5.7577304e-06, 8.76359e-06, 2.281384e-05, 8.22382e-06]"
unsat_cliquecoloring_48_493.cnf,"[4.188149996480206e-05, 3.539099943736801e-05, 0.0002049689001069055, 4.1578099990147165e-05]","[0.00015819572, 7.3792944e-05, 6.727436e-05, 4.135048e-05]","[2.42097e-06, 2.13052e-06, 1.42197705e-05, 2.1594901e-06]","[2.68063e-06, 2.39407e-06, 2.1738631e-05, 2.3062398e-06]","[4.3929285e-05, 4.8698028e-05, 0.00027843573, 5.8795362e-05]","[2.6409098e-06, 2.52167e-06, 2.177812e-05, 2.3259e-06]","[4.44851e-05, 4.8620983e-05, 0.00027673112, 5.8604208e-05]","[7.976049e-06, 1.2541199e-05, 2.6713882e-05, 2.299487e-05]"
unsat_dominating_80_1810_60782.cnf,"[0.00015464450007129926, 0.00014276620022428687, 0.0010276600996803609, 0.00021205040011409437]","[0.00041019422, 0.00019445161, 0.0004705438, 0.00010543881]","[3.22394e-06, 2.53447e-06, 1.635706e-05, 2.55834e-06]","[3.34767e-06, 2.7321998e-06, 2.131024e-05, 2.73312e-06]","[8.569303e-05, 0.00015201335, 0.0004764488, 0.00016954575]","[3.3337797e-06, 2.73241e-06, 2.1099639e-05, 2.6769699e-06]","[6.983937e-05, 0.000116920055, 0.00041308696, 0.00013096858]",
sat_php_227_936_60065.cnf,"[2.5980499958677684e-05, 2.846040006261319e-05, 9.400490034749964e-05, 4.5662700540560766e-05]","[0.00026284382, 0.00011925859, 0.00019743662, 7.7026794e-05]","[2.73236e-06, 2.3295902e-06, 1.9554771e-05, 2.3722e-06]","[2.9422301e-06, 2.38014e-06, 2.129453e-05, 2.3385799e-06]","[5.0239567e-05, 5.7402318e-05, 0.00030697417, 7.2462615e-05]","[2.9789503e-06, 2.4439098e-06, 2.1440279e-05, 2.4093101e-06]","[4.139109e-05, 3.6258483e-05, 0.0002091778, 4.5402274e-05]",
sat_5clique_50_930_78130.cnf,"[9.202709970850265e-05, 5.522169994947035e-05, 0.0005671469005392282, 0.00010003320003306725]","[0.00021478422, 0.0001019638, 0.0002978804, 5.5894234e-05]","[2.74999e-06, 2.25732e-06, 1.789512e-05, 2.2366198e-06]","[2.7962901e-06, 2.37784e-06, 2.1407492e-05, 2.32345e-06]","[4.7295976e-05, 4.368126e-05, 0.00023631318, 5.655479e-05]","[2.75735e-06, 2.38621e-06, 2.1431999e-05, 2.3734299e-06]","[3.369445e-05, 5.372631e-05, 0.000282127, 7.034796e-05]",
unsat_dominating_80_1810_35210.cnf,"[0.0001803877999918768, 0.00013660180011356715, 0.0015049235002152273, 0.000138403799792286]","[0.000413111, 0.00019456659, 0.00046987185, 0.00010778809]","[3.28458e-06, 2.5212998e-06, 1.617383e-05, 2.54005e-06]","[3.3305398e-06, 2.70244e-06, 2.149759e-05, 2.74898e-06]","[7.471505e-05, 0.000118028685, 0.0004151715, 0.00013098824]","[3.32128e-06, 2.73121e-06, 2.145314e-05, 2.74278e-06]","[5.7639198e-05, 8.220115e-05, 0.0003547471, 9.110616e-05]","[1.062986e-05, 2.6576517e-05, 3.0845295e-05, 7.807581e-05]"
sat_subsetcard_60_2820_18847.cnf,"[9.420579990546685e-05, 7.834190000721719e-05, 0.00017670270008238731, 5.497010042745387e-05]","[0.0018056532, 0.0008561396, 0.0021396526, 0.0011259771]","[0.0014171097, 0.0011969999, 0.005635323, 0.001153958]","[5.73917e-06, 5.13521e-06, 2.8540791e-05, 5.02537e-06]","[0.00010573531, 0.00017622081, 0.0006343638, 0.00015875131]","[5.7540196e-06, 5.1400502e-06, 3.441517e-05, 5.04902e-06]","[0.00012637633, 0.00017710269, 0.0006413943, 0.00015779003]","[2.852853e-05, 4.865407e-05, 6.600479e-05, 3.7006652e-05]"
sat_cliquecoloring_50_213.cnf,"[7.363499935308937e-06, 5.1047100168943874e-05, 0.0002858366999134887, 4.354070006229449e-05]","[7.6530756e-05, 3.6847392e-05, 7.3463714e-05, 2.197894e-05]","[2.4898602e-06, 2.0156501e-06, 1.391462e-05, 1.9692302e-06]","[8.09774e-06, 1.743229e-05, 5.974694e-05, 2.236221e-05]","[2.3997633e-05, 2.8045262e-05, 0.00016028348, 3.2757885e-05]","[4.6159603e-06, 7.3722103e-06, 3.4539677e-05, 9.1044385e-06]","[2.324524e-05, 2.7448648e-05, 0.00016065562, 3.222219e-05]","[1.34406e-05, 1.242645e-05, 5.6443387e-05, 1.699767e-05]"
sat_subsetcard_24_84_25143.cnf,"[9.497600149188657e-06, 8.78690025274409e-06, 2.5761299730220345e-05, 6.438700074795633e-06]","[3.149304e-05, 3.141248e-05, 8.4131454e-05, 3.046863e-05]","[9.03305e-06, 9.18789e-06, 3.154792e-05, 7.71716e-06]","[1.126988e-05, 1.627229e-05, 7.64121e-05, 1.817584e-05]","[1.5684029e-05, 1.829689e-05, 0.0001032815, 2.02089e-05]","[1.03793e-05, 1.502146e-05, 7.085231e-05, 1.6935692e-05]","[1.5960828e-05, 1.8230468e-05, 0.00010349054, 2.006132e-05]","[7.52443e-06, 9.15286e-06, 4.003167e-05, 8.63757e-06]"
sat_dominating_60_970_56272.cnf,"[3.219930003979243e-05, 4.161320011917269e-05, 0.0003280003002146259, 5.2297100046416746e-05]","[0.00021905967, 0.00011703484, 0.0003682749, 8.539224e-05]","[2.7989497e-06, 2.28299e-06, 1.8636169e-05, 2.2588e-06]","[2.7236301e-06, 2.33931e-06, 2.091373e-05, 2.4150597e-06]","[4.92396e-05, 4.4956956e-05, 0.00024958787, 5.7652214e-05]","[2.75957e-06, 2.37734e-06, 2.117945e-05, 2.37048e-06]","[6.034284e-05, 5.676251e-05, 0.0002973681, 7.419513e-05]","[8.58484e-06, 1.712795e-05, 2.788493e-05, 4.354574e-05]"
unsat_php_95_878_22166.cnf,"[0.000215919199763448, 0.00020312969991209684, 0.0015582801004711655, 0.00017967080002563308]","[0.00021425693, 0.00010118855, 0.0002556402, 5.4295182e-05]","[2.46867e-06, 2.18277e-06, 1.442925e-05, 2.1390902e-06]","[2.6223302e-06, 2.3229e-06, 2.106306e-05, 2.27226e-06]","[4.0435756e-05, 4.341581e-05, 0.00023883938, 5.609767e-05]","[2.7091498e-06, 2.2742302e-06, 2.1147649e-05, 2.2671102e-06]","[4.6428402e-05, 5.3204614e-05, 0.00028474446, 6.965398e-05]","[1.620856e-05, 1.8593779e-05, 3.755386e-05, 4.110935e-05]"
unsat_dominating_80_1810_95248.cnf,"[0.0002910405999500654, 0.00015054670002427882, 0.001590781299819355, 0.00030973689990787534]","[0.00041580986, 0.00019387413, 0.00047534727, 0.000103093706]","[3.1956897e-06, 2.5457903e-06, 1.62853e-05, 2.56762e-06]","[3.23266e-06, 2.6288e-06, 2.1347809e-05, 2.6097e-06]","[6.538494e-05, 9.94891e-05, 0.00038596184, 0.00011132442]","[3.6092301e-06, 2.7561598e-06, 2.142603e-05, 2.77327e-06]","[6.992422e-05, 0.00011837848, 0.00041607599, 0.00013142618]",
unsat_php_101_509_5311.cnf,"[0.0008288528999401024, 0.0009431773996766424, 0.004972754800110124, 0.0005492905003848137]","[0.00014052034, 6.5858985e-05, 0.00013625188, 3.5908393e-05]","[2.4853e-06, 2.1366902e-06, 1.5184921e-05, 2.09876e-06]","[2.78038e-06, 2.2665502e-06, 2.1643418e-05, 2.2568797e-06]","[4.3868276e-05, 4.160198e-05, 0.00023643549, 5.286713e-05]","[2.5595e-06, 2.2435802e-06, 2.157835e-05, 2.23724e-06]","[4.061572e-05, 4.181423e-05, 0.00023909498, 5.3080897e-05]","[8.95712e-06, 1.3331921e-05, 3.032412e-05, 3.154888e-05]"
sat_tseitin_20_142_20074.cnf,"[1.094149993150495e-05, 1.0414000098535325e-05, 3.741739947145106e-05, 7.562599603261333e-06]","[4.454984e-05, 4.568851e-05, 0.00013952953, 4.826233e-05]","[9.73509e-06, 1.124159e-05, 3.330853e-05, 7.5624207e-06]","[1.1396509e-05, 2.605322e-05, 0.00010633744, 2.657044e-05]","[3.824129e-05, 3.6245794e-05, 0.00021196541, 4.118114e-05]","[1.155479e-05, 2.576033e-05, 0.00010622017, 2.5951642e-05]","[3.230788e-05, 3.609345e-05, 0.0002145021, 4.1699997e-05]","[1.965171e-05, 1.407745e-05, 5.7943584e-05, 1.025365e-05]"
sat_3clique_30_378_90705.cnf,"[4.686100146500393e-06, 1.6754999887780286e-05, 7.295529958355474e-05, 1.512140006525442e-05]","[9.4094576e-05, 5.5853336e-05, 0.00013805537, 3.0717678e-05]","[2.27783e-06, 1.9615002e-06, 1.226929e-05, 1.91263e-06]","[3.27774e-06, 4.6341497e-06, 2.65456e-05, 5.3018207e-06]","[2.4760517e-05, 3.3037657e-05, 0.00019427435, 4.2405998e-05]","[2.4597e-06, 2.18559e-06, 2.068324e-05, 2.15741e-06]","[2.4707519e-05, 3.3348577e-05, 0.00019398145, 4.19421e-05]","[7.22841e-06, 1.06917305e-05, 2.4335259e-05, 2.2863362e-05]"
unsat_tiling_20_258_54906.cnf,"[1.0907500472967513e-05, 1.185809996968601e-05, 4.518249988905154e-05, 1.3136499728716444e-05]","[7.086109e-05, 4.111274e-05, 0.000108053384, 2.106821e-05]","[2.3390899e-06, 1.9936201e-06, 1.2554959e-05, 1.9070001e-06]","[4.16892e-06, 7.009211e-06, 3.2851927e-05, 9.1109105e-06]","[2.4479721e-05, 2.8101853e-05, 0.00016274142, 3.3640074e-05]","[3.44459e-06, 4.61395e-06, 2.7553182e-05, 5.3634503e-06]","[2.5177618e-05, 2.758853e-05, 0.00016314759, 3.391506e-05]","[6.6230205e-06, 8.937781e-06, 2.363008e-05, 1.4442119e-05]"
sat_php_213_828_16930.cnf,"[2.5839199406618717e-05, 2.587300023151329e-05, 9.048440042533912e-05, 4.379410038382048e-05]","[0.00023364625, 0.00010801931, 0.00015555482, 5.92632e-05]","[2.47812e-06, 2.17624e-06, 1.43078405e-05, 2.11394e-06]","[2.7353096e-06, 2.3194e-06, 2.126925e-05, 2.3276e-06]","[5.2949403e-05, 5.509953e-05, 0.00030060008, 6.890292e-05]","[2.7854703e-06, 2.4290498e-06, 2.175329e-05, 2.41168e-06]","[5.7728263e-05, 5.584333e-05, 0.0003015493, 6.996118e-05]",
sat_php_225_926_92838.cnf,"[2.613160013424931e-05, 2.759749986580573e-05, 9.377210062666563e-05, 4.5779099673382005e-05]","[0.0002566001, 0.00011849225, 0.00018396703, 7.160917e-05]","[2.58271e-06, 2.1737599e-06, 1.407597e-05, 2.2953302e-06]","[2.79797e-06, 2.3922398e-06, 2.1596443e-05, 2.3561101e-06]","[5.2702508e-05, 4.6358487e-05, 0.00025731995, 5.9500308e-05]","[2.878e-06, 2.4098704e-06, 2.1397533e-05, 2.35592e-06]","[6.5221204e-05, 5.7011486e-05, 0.00030615603, 7.156509e-05]",
sat_php_233_990_95853.cnf,"[3.109740009676898e-05, 3.0084899844950996e-05, 9.523470034764614e-05, 4.7464200179092586e-05]","[0.00029488408, 0.00012760947, 0.00021454573, 7.9742356e-05]","[2.87371e-06, 2.4561302e-06, 2.0489391e-05, 2.4105002e-06]","[2.8777e-06, 2.46236e-06, 2.2089549e-05, 2.41541e-06]","[5.3543838e-05, 6.000745e-05, 0.00030825275, 7.565938e-05]","[3.0381398e-06, 2.5414904e-06, 2.216351e-05, 2.52554e-06]","[6.429211e-05, 6.0080154e-05, 0.0003086849, 7.678287e-05]",
unsat_tseitin_40_496_30847.cnf,"[0.2790262031998282, 0.23033488130022306, 1.2076901983002244, 0.2534597673002281]","[0.00023056773, 0.00017268254, 0.0004330268, 0.00020904226]","[7.047209e-05, 4.4300206e-05, 0.00012717323, 3.766816e-05]","[1.5393909e-05, 5.272283e-05, 0.00014862884, 4.765043e-05]","[7.198764e-05, 7.646866e-05, 0.00040974925, 8.885479e-05]","[1.5171818e-05, 5.273479e-05, 0.00014940884, 4.714657e-05]","[9.583903e-05, 7.6580865e-05, 0.00040588778, 8.815786e-05]","[5.663826e-05, 3.615821e-05, 0.000110280045, 3.3574383e-05]"
unsat_cliquecoloring_45_350.cnf,"[4.208109985484043e-05, 3.054589997191215e-05, 0.00019509699977788842, 3.71824999092496e-05]","[0.00011818802, 6.134052e-05, 9.174961e-05, 3.237299e-05]","[2.4912101e-06, 2.1622102e-06, 1.434774e-05, 2.1079002e-06]","[2.69818e-06, 2.36158e-06, 2.2063141e-05, 2.31252e-06]","[3.753906e-05, 4.0060393e-05, 0.000232262, 4.7871195e-05]","[2.6871598e-06, 2.3963798e-06, 2.222454e-05, 2.3756998e-06]","[3.757885e-05, 4.018048e-05, 0.00023262078, 4.7838017e-05]","[9.56719e-06, 1.1884489e-05, 2.8962619e-05, 1.605149e-05]"
unsat_5clique_65_1825_60066.cnf,"[0.0001436694001313299, 0.0001154494999354938, 0.0005536423001103685, 0.0001978878999580047]","[0.00040949095, 0.00018963861, 0.000503995, 0.00010154168]","[3.3709398e-06, 2.6215e-06, 1.63517e-05, 2.59085e-06]","[3.55346e-06, 2.8358102e-06, 2.3107752e-05, 2.88684e-06]","[6.17438e-05, 0.00013989906, 0.00041711153, 0.00016102157]","[3.50335e-06, 2.8699696e-06, 2.439503e-05, 2.85324e-06]","[7.267251e-05, 0.00015903087, 0.00044517155, 0.00018118443]",
sat_op_45_249_69595.cnf,"[9.526000212645158e-06, 1.4669199845229742e-05, 5.3214099898468704e-05, 1.057579993357649e-05]","[9.491344e-05, 5.0647817e-05, 0.00012377785, 3.3629774e-05]","[8.21972e-06, 1.219184e-05, 2.615195e-05, 1.252194e-05]","[1.379493e-05, 2.847626e-05, 0.00010545544, 3.8842536e-05]","[2.6552589e-05, 3.9490944e-05, 0.00021763876, 4.5724762e-05]","[1.37423585e-05, 2.8021639e-05, 0.00010358686, 3.8216618e-05]","[2.6529888e-05, 3.9077982e-05, 0.00021624887, 4.519046e-05]","[8.93373e-06, 1.06260995e-05, 2.9218168e-05, 1.2669159e-05]"
sat_5color_250_1300_69384.cnf,"[1.875540019682376e-05, 3.557639975042548e-05, 0.00010618790038279258, 6.868270011182176e-05]","[0.0003489342, 0.00016536869, 0.00019949205, 9.100849e-05]","[2.8714803e-06, 2.4107399e-06, 1.40104e-05, 2.348e-06]","[3.1657498e-06, 2.6395e-06, 2.1770331e-05, 2.61938e-06]","[6.950156e-05, 8.198236e-05, 0.00032253255, 0.00010723512]","[3.0409e-06, 2.6106202e-06, 2.163274e-05, 2.5489103e-06]","[5.9439528e-05, 6.4501786e-05, 0.0002858327, 8.396931e-05]","[9.1908505e-06, 2.299203e-05, 4.1520434e-05, 5.4707394e-05]"
sat_cliquecoloring_55_227.cnf,"[1.086309985112166e-05, 2.2812099814473186e-05, 0.00014774630017200252, 2.5341500077047385e-05]","[8.0665246e-05, 4.161217e-05, 8.3109706e-05, 2.323193e-05]","[2.48613e-06, 2.10807e-06, 1.4453198e-05, 2.0655802e-06]","[5.16793e-06, 1.0240379e-05, 4.1222833e-05, 1.25366305e-05]","[2.4051451e-05, 2.8691842e-05, 0.00016771053, 3.4160657e-05]","[5.96253e-06, 1.290589e-05, 4.78455e-05, 1.594605e-05]","[2.2447352e-05, 2.880863e-05, 0.00016829986, 3.6615824e-05]","[1.956258e-05, 1.2577761e-05, 5.7466397e-05, 1.8288662e-05]"
unsat_php_184_1627_40264.cnf,"[14.273888376399736, 21.173681227799715, 105.28542362100015, 15.76434694649979]","[0.00039502382, 0.00018416384, 0.00039659897, 0.0001123282]","[3.18932e-06, 2.5669701e-06, 1.652289e-05, 2.5308e-06]","[3.3830402e-06, 2.7682001e-06, 2.2078222e-05, 2.7852702e-06]","[8.50579e-05, 0.00016277102, 0.00047025844, 0.00018763854]","[3.3222e-06, 2.79283e-06, 2.1853548e-05, 2.72525e-06]","[6.628944e-05, 0.00012397546, 0.00040201022, 0.0001441694]","[2.365337e-05, 2.7953789e-05, 4.2918673e-05, 8.353543e-05]"
sat_5color_50_260_2076.cnf,"[6.27350000286242e-06, 1.2900899673695675e-05, 3.608599981816951e-05, 1.587110000400571e-05]","[7.658829e-05, 3.8729264e-05, 8.10994e-05, 2.326824e-05]","[2.42515e-06, 2.1351702e-06, 1.3864841e-05, 2.0465702e-06]","[3.3851798e-06, 4.69125e-06, 2.726834e-05, 5.6322797e-06]","[2.178153e-05, 2.7554468e-05, 0.00016170708, 3.3916902e-05]","[4.10664e-06, 6.98696e-06, 3.3080192e-05, 8.72136e-06]","[2.1882752e-05, 2.7657448e-05, 0.0001608902, 3.4184653e-05]","[7.73566e-06, 1.0023899e-05, 2.4764031e-05, 1.36153085e-05]"
unsat_tiling_20_793_2570.cnf,"[2.6847700064536183e-05, 2.995550003106473e-05, 0.0001155519003077643, 3.0299600257421844e-05]","[0.00019367608, 0.0001012512, 0.0002924268, 6.074505e-05]","[2.55736e-06, 2.1739202e-06, 1.329114e-05, 2.0957302e-06]","[2.76932e-06, 2.4283802e-06, 2.215812e-05, 2.3896198e-06]","[6.219923e-05, 5.566785e-05, 0.00029798457, 7.170868e-05]","[2.69424e-06, 2.4463102e-06, 2.2119439e-05, 2.3556302e-06]","[4.73351e-05, 4.530041e-05, 0.00024742633, 5.737979e-05]","[7.83327e-06, 1.507071e-05, 2.682191e-05, 2.3227358e-05]"
sat_cliquecoloring_99_561.cnf,"[3.373909985384671e-05, 0.0001547368001411087, 0.0006507155998406233, 0.00012126490000810008]","[0.00019249684, 9.369702e-05, 0.00021141322, 4.8386682e-05]","[2.6052999e-06, 2.29109e-06, 1.604576e-05, 2.21328e-06]","[2.7719102e-06, 2.45333e-06, 2.269336e-05, 2.44332e-06]","[4.8016715e-05, 5.3676184e-05, 0.00031838508, 6.398355e-05]","[2.78763e-06, 2.51556e-06, 2.2608781e-05, 2.4694498e-06]","[5.363127e-05, 5.414809e-05, 0.00030677274, 6.473971e-05]","[1.974795e-05, 1.613554e-05, 5.0916984e-05, 2.9450262e-05]"
sat_4clique_40_604_65687.cnf,"[5.624500408885069e-06, 1.8775799617287703e-05, 0.0001357694996841019, 2.8788300187443384e-05]","[0.00015428066, 7.651197e-05, 0.0002070476, 4.065377e-05]","[2.53283e-06, 2.1745402e-06, 1.389643e-05, 2.10909e-06]","[3.58476e-06, 5.8445103e-06, 2.831872e-05, 7.0283095e-06]","[3.1010808e-05, 4.581666e-05, 0.0002599527, 5.991239e-05]","[4.25706e-06, 8.62827e-06, 3.3983e-05, 1.0971091e-05]","[4.038844e-05, 4.5658126e-05, 0.00025944493, 6.079597e-05]","[7.820299e-06, 1.342341e-05, 2.6411508e-05, 3.3661847e-05]"
sat_3clique_30_378_78502.cnf,"[4.633400021702983e-06, 2.090069992846111e-05, 5.3019199731352275e-05, 1.426859980711015e-05]","[9.8587756e-05, 4.830813e-05, 0.00014019378, 3.196967e-05]","[2.43286e-06, 2.04689e-06, 1.29202e-05, 2.04493e-06]","[5.8589308e-06, 1.334648e-05, 4.591138e-05, 1.759837e-05]","[2.5688385e-05, 3.472325e-05, 0.0002016242, 4.415094e-05]","[4.2731504e-06, 7.638109e-06, 3.4238583e-05, 9.77404e-06]","[2.559197e-05, 3.462546e-05, 0.00019927851, 4.351786e-05]","[7.2391204e-06, 1.088554e-05, 2.420817e-05, 2.1890672e-05]"
unsat_php_186_1660_24423.cnf,"[22.17374133180001, 29.841620874099863, 117.75516601049966, 21.975382562300364]","[0.0004162946, 0.00018600661, 0.0004045689, 0.00010408707]","[3.1517297e-06, 2.5163001e-06, 1.62347e-05, 2.50499e-06]","[3.3560798e-06, 2.73364e-06, 2.1841768e-05, 2.7431897e-06]","[7.1119175e-05, 9.894338e-05, 0.00036726793, 0.000113126865]","[3.3271099e-06, 2.7169501e-06, 2.1360529e-05, 2.7553e-06]","[8.9135916e-05, 0.00011828142, 0.00041447044, 0.00013391761]","[1.403277e-05, 2.6772681e-05, 3.614992e-05, 9.058065e-05]"
sat_php_229_956_22166.cnf,"[2.9131800329196266e-05, 2.7963300090050326e-05, 9.604690021660644e-05, 4.635580080503132e-05]","[0.00027141976, 0.000120592944, 0.00019621287, 7.584149e-05]","[2.8272495e-06, 2.43761e-06, 1.993134e-05, 2.42012e-06]","[3.03531e-06, 2.48668e-06, 2.133402e-05, 2.44584e-06]","[4.904042e-05, 4.6986486e-05, 0.00026131474, 5.96823e-05]","[2.83277e-06, 2.45628e-06, 2.135603e-05, 2.44875e-06]","[6.132791e-05, 5.8041805e-05, 0.0003136659, 7.318678e-05]",
unsat_op_20_74_63750.cnf,"[1.2457099728635512e-05, 9.084900375455618e-06, 3.249539913667832e-05, 7.3769999289652334e-06]","[2.965023e-05, 1.8186332e-05, 5.204056e-05, 1.1316401e-05]","[3.0914803e-06, 3.0240801e-06, 1.5416499e-05, 2.81437e-06]","[8.3840905e-06, 1.4340569e-05, 6.410989e-05, 1.705706e-05]","[1.1941071e-05, 1.423772e-05, 7.810056e-05, 1.559058e-05]","[7.033009e-06, 1.1849969e-05, 5.4411048e-05, 1.3985358e-05]","[1.176371e-05, 1.4177788e-05, 7.755837e-05, 1.546054e-05]","[8.16948e-06, 7.90544e-06, 2.720271e-05, 6.42603e-06]"
unsat_dominating_80_1810_66626.cnf,"[5.173210083739832e-05, 5.1707700549741276e-05, 0.00042835790045501196, 7.883939979365095e-05]","[0.0004191542, 0.00019646707, 0.0005002003, 0.00010481112]","[3.2202302e-06, 2.51754e-06, 1.6334989e-05, 2.4717901e-06]","[3.3828298e-06, 2.7172498e-06, 2.1659149e-05, 2.7068704e-06]","[5.8973856e-05, 0.00010057263, 0.00038438474, 0.000111877765]","[3.2809799e-06, 2.66643e-06, 2.1565438e-05, 2.73549e-06]","[5.3394942e-05, 9.959708e-05, 0.00038478314, 0.00011114186]",
sat_op_45_249_85625.cnf,"[9.170599878416396e-06, 1.69131006259704e-05, 3.74692004697863e-05, 1.551000095787458e-05]","[8.847106e-05, 5.368279e-05, 0.00011737108, 3.330403e-05]","[7.3768797e-06, 1.056919e-05, 2.293292e-05, 1.047532e-05]","[1.31548995e-05, 2.6827078e-05, 9.862869e-05, 3.6040976e-05]","[2.653283e-05, 3.7178568e-05, 0.00020301016, 4.26359e-05]","[1.3000101e-05, 2.7428669e-05, 9.786233e-05, 3.666975e-05]","[2.5455181e-05, 3.7222017e-05, 0.00020448472, 4.3014436e-05]","[9.499689e-06, 1.042367e-05, 3.001136e-05, 1.269635e-05]"
sat_cliquecoloring_80_524.cnf,"[7.336300404858775e-06, 0.00010727520057116636, 0.00032534579950151967, 0.00010826970028574579]","[0.0001646618, 7.591343e-05, 0.00012725781, 4.26558e-05]","[2.5024099e-06, 2.16316e-06, 1.4724339e-05, 2.0646698e-06]","[2.7762103e-06, 2.2754398e-06, 2.1711448e-05, 2.2668498e-06]","[4.508766e-05, 4.7632275e-05, 0.0002807754, 5.7696965e-05]","[2.59796e-06, 2.3103803e-06, 2.181951e-05, 2.25955e-06]","[4.8160608e-05, 4.733555e-05, 0.00027220984, 6.653403e-05]","[1.372336e-05, 1.554887e-05, 3.622933e-05, 2.3119941e-05]"
sat_subsetcard_24_84_64525.cnf,"[9.30659989535343e-06, 8.96139972610399e-06, 2.6869599969359116e-05, 6.270599624258466e-06]","[2.4540632e-05, 2.920171e-05, 8.824704e-05, 3.232828e-05]","[1.0548849e-05, 1.015833e-05, 3.808976e-05, 9.69573e-06]","[8.941659e-06, 1.212534e-05, 5.9568898e-05, 2.343735e-05]","[1.62554e-05, 1.852228e-05, 0.00010453116, 2.034807e-05]","[1.0279211e-05, 1.489559e-05, 7.070861e-05, 1.671718e-05]","[1.612292e-05, 1.806631e-05, 0.000105679304, 2.029556e-05]","[6.32934e-06, 8.92746e-06, 4.07306e-05, 8.6416e-06]"
unsat_op_45_248_4041.cnf,"[1.4052400001673959e-05, 1.4310599362943322e-05, 4.414390023157466e-05, 1.1872699906234629e-05]","[8.884703e-05, 4.725654e-05, 0.00011810191, 3.365246e-05]","[3.07501e-06, 3.0517201e-06, 1.5344109e-05, 3.1435e-06]","[1.2809479e-05, 2.7907892e-05, 9.7347554e-05, 3.7785572e-05]","[2.586519e-05, 3.6450896e-05, 0.00021188785, 4.19014e-05]","[1.2988709e-05, 2.69621e-05, 9.630464e-05, 3.6528287e-05]","[2.486739e-05, 3.6552043e-05, 0.0002007911, 4.219493e-05]","[1.038681e-05, 1.037319e-05, 3.059469e-05, 1.1994299e-05]"
unsat_dominating_80_1809_49226.cnf,"[4.112370006623678e-05, 3.328599996166304e-05, 0.0001590237003256334, 5.0412199925631285e-05]","[0.00041050586, 0.00019247881, 0.000471598, 0.000105833984]","[3.2229302e-06, 2.6300097e-06, 1.64703e-05, 2.59577e-06]","[3.2788498e-06, 2.6370697e-06, 2.132785e-05, 2.62579e-06]","[6.705236e-05, 0.0001343506, 0.00043811867, 0.0001518068]","[3.1994302e-06, 2.6534099e-06, 2.149381e-05, 2.5807701e-06]","[5.590382e-05, 0.0001159879, 0.0004067681, 0.00013091744]","[1.05584095e-05, 2.6701371e-05, 2.9952242e-05, 7.7718156e-05]"
sat_cliquecoloring_45_137.cnf,"[1.372500009892974e-05, 2.2974399689701387e-05, 0.0001836688014009269, 2.6150100529775956e-05]","[5.347505e-05, 2.8256938e-05, 6.7798894e-05, 1.8401659e-05]","[2.37563e-06, 2.0013201e-06, 1.367412e-05, 1.9261702e-06]","[8.249679e-06, 1.484152e-05, 6.018055e-05, 1.8423121e-05]","[1.662338e-05, 2.04983e-05, 0.00011517438, 2.3675631e-05]","[6.7485403e-06, 1.087784e-05, 4.793342e-05, 1.3305578e-05]","[1.7031689e-05, 2.0212061e-05, 0.00011470551, 2.33548e-05]","[9.4261395e-06, 1.077871e-05, 5.7901012e-05, 1.683343e-05]"
unsat_matching_60_271_39143.cnf,"[0.0004911263000394684, 0.0004018456005724147, 0.002766112799872644, 0.0004592059995047748]","[7.785451e-05, 3.9762806e-05, 8.171544e-05, 2.226532e-05]","[2.3266903e-06, 2.0546897e-06, 1.37324505e-05, 1.9591398e-06]","[2.42494e-06, 2.2320799e-06, 2.02126e-05, 2.1869002e-06]","[2.5820224e-05, 2.9793446e-05, 0.00016939321, 3.6869227e-05]","[2.4617302e-06, 2.18463e-06, 2.0640331e-05, 2.2939e-06]","[2.7157479e-05, 3.0255822e-05, 0.00017075293, 3.6592937e-05]","[6.9472903e-06, 9.812409e-06, 2.7221253e-05, 1.7264549e-05]"
unsat_cliquecoloring_45_248.cnf,"[3.5827300598612057e-05, 2.4622799173812382e-05, 0.0001727839004161069, 2.942750070360489e-05]","[7.904133e-05, 3.84255e-05, 6.999109e-05, 2.2414719e-05]","[2.3748503e-06, 2.07164e-06, 1.3640269e-05, 1.9848403e-06]","[2.45447e-06, 2.50974e-06, 2.033496e-05, 2.17391e-06]","[2.419e-05, 2.9310831e-05, 0.0001707627, 3.5474153e-05]","[3.4695295e-06, 4.9358996e-06, 2.721293e-05, 5.74171e-06]","[2.730843e-05, 2.950151e-05, 0.00017006832, 3.564988e-05]","[8.145429e-06, 9.71654e-06, 2.6556689e-05, 1.634464e-05]"
sat_matching_60_251_14901.cnf,"[6.194000525283627e-06, 1.3052799840806983e-05, 3.5326199576957154e-05, 1.8889000421040693e-05]","[7.20493e-05, 3.7210433e-05, 7.2997085e-05, 2.0416372e-05]","[2.38043e-06, 2.2079098e-06, 2.472495e-05, 1.9805598e-06]","[2.46851e-06, 2.20419e-06, 2.014176e-05, 2.35939e-06]","[2.4361729e-05, 2.804188e-05, 0.000161687, 3.4244636e-05]","[2.44086e-06, 2.1897204e-06, 2.0607431e-05, 2.13362e-06]","[2.4243447e-05, 2.83173e-05, 0.00015982513, 3.3658485e-05]","[7.4241398e-06, 9.672351e-06, 2.704651e-05, 1.653525e-05]"
sat_dominating_70_1295_31472.cnf,"[6.433639900933485e-05, 5.324819976522121e-05, 0.0005259953995846445, 6.59594006719999e-05]","[0.00031056968, 0.00016390256, 0.00034940173, 7.8380515e-05]","[2.9175603e-06, 2.43028e-06, 2.038389e-05, 2.42338e-06]","[3.0438598e-06, 2.4496098e-06, 2.105261e-05, 2.44507e-06]","[4.3580258e-05, 6.305524e-05, 0.00023352297, 7.4767726e-05]","[2.92732e-06, 2.4608398e-06, 2.115346e-05, 2.4445403e-06]","[5.865297e-05, 9.2277005e-05, 0.00029365826, 0.00011717369]","[1.000174e-05, 2.092621e-05, 2.9858329e-05, 6.1711515e-05]"
sat_3clique_30_408_50315.cnf,"[2.4953500178526157e-05, 1.2860100468969904e-05, 0.0001862563000031514, 3.3457400422776115e-05]","[0.000101087186, 4.8863272e-05, 0.00015018176, 2.70291e-05]","[2.4486199e-06, 1.9805702e-06, 1.246443e-05, 1.94817e-06]","[3.3111596e-06, 5.23759e-06, 2.6705424e-05, 5.798939e-06]","[2.534965e-05, 3.4789733e-05, 0.00020256886, 4.4748005e-05]","[3.99329e-06, 7.254849e-06, 3.223545e-05, 8.924051e-06]","[2.539916e-05, 3.4465098e-05, 0.00020085617, 4.4110766e-05]","[7.3693095e-06, 1.094242e-05, 2.440791e-05, 2.386578e-05]"
sat_subsetcard_36_360_58681.cnf,"[1.486020082666073e-05, 1.60643998242449e-05, 4.369989983388223e-05, 1.0944500172627158e-05]","[0.00016012028, 7.857178e-05, 0.00017759285, 4.675862e-05]","[1.3747789e-05, 1.75158e-05, 3.120543e-05, 1.485559e-05]","[1.516388e-05, 3.719131e-05, 0.00011533813, 4.3995697e-05]","[3.3432392e-05, 5.347862e-05, 0.00031612942, 6.16649e-05]","[1.537987e-05, 3.608542e-05, 0.0001162924, 4.2989028e-05]","[3.270081e-05, 5.373874e-05, 0.0003019773, 6.1518345e-05]","[2.9753128e-05, 2.112831e-05, 8.092083e-05, 1.907919e-05]"
sat_5color_100_520_97350.cnf,"[9.04809930943884e-06, 1.8195499797002414e-05, 5.093530016893055e-05, 2.7377099831937814e-05]","[0.00014138407, 6.5606226e-05, 0.00011376305, 3.552235e-05]","[2.4189399e-06, 2.0737796e-06, 1.50623e-05, 2.0387502e-06]","[2.49475e-06, 2.2012503e-06, 2.167411e-05, 2.1680505e-06]","[4.4512828e-05, 4.196711e-05, 0.00024261694, 5.3392316e-05]","[2.5263603e-06, 2.2131803e-06, 2.1522694e-05, 2.22317e-06]","[3.551957e-05, 4.357809e-05, 0.00025122846, 5.662947e-05]","[8.96979e-06, 1.35174705e-05, 3.0010831e-05, 2.3332123e-05]"
sat_tseitin_20_130_36501.cnf,"[1.1569499474717303e-05, 1.0687699978007004e-05, 3.6693601214210506e-05, 7.261699647642672e-06]","[3.8646198e-05, 4.325591e-05, 0.00013338971, 4.579043e-05]","[8.98168e-06, 1.16170795e-05, 3.770333e-05, 7.73367e-06]","[1.213786e-05, 2.598282e-05, 0.00010745025, 2.6641112e-05]","[2.9539315e-05, 3.490331e-05, 0.00020454926, 3.9799233e-05]","[1.2119529e-05, 2.613203e-05, 0.000108339285, 2.668015e-05]","[3.4655754e-05, 3.4950812e-05, 0.0002027417, 3.9647413e-05]","[1.28644115e-05, 1.403735e-05, 5.6873414e-05, 1.07242095e-05]"
unsat_tseitin_20_146_24277.cnf,"[0.005235046000234433, 0.0018806806994689396, 0.009709149600166712, 0.001878790600312641]","[4.3188782e-05, 4.8464277e-05, 0.00012489528, 5.2025414e-05]","[1.0424081e-05, 1.1910621e-05, 3.663948e-05, 7.993689e-06]","[1.188161e-05, 2.6835103e-05, 0.00011198582, 2.7540582e-05]","[4.537623e-05, 3.8097438e-05, 0.0002241766, 4.373953e-05]","[1.2013581e-05, 2.744255e-05, 0.00011313551, 2.7513259e-05]","[3.6884998e-05, 3.83151e-05, 0.00022732576, 4.419089e-05]","[2.586986e-05, 1.7748129e-05, 0.00010261442, 1.4923609e-05]"
sat_subsetcard_60_2820_22665.cnf,"[9.389090046170167e-05, 8.025580027606338e-05, 0.00017654340008448343, 5.699810062651522e-05]","[0.0018232182, 0.00086396013, 0.0022626794, 0.0011064576]",,"[5.7121197e-06, 5.3074805e-06, 2.7618651e-05, 5.09486e-06]","[0.00011675848, 0.00017399892, 0.00061716686, 0.0001571564]","[5.72312e-06, 5.16751e-06, 3.101857e-05, 5.1526804e-06]","[0.000105563995, 0.00017800523, 0.0006286492, 0.00015930772]","[1.3446899e-05, 4.242567e-05, 3.4485936e-05, 4.794341e-05]"
sat_tseitin_30_468_86187.cnf,"[2.068700014206115e-05, 2.0808000044780783e-05, 4.850019940931816e-05, 1.4222500976757146e-05]","[0.00016031999, 0.0001515864, 0.00039138139, 0.00017542948]","[2.8062394e-05, 3.014016e-05, 6.733888e-05, 2.1908669e-05]","[1.476122e-05, 5.623902e-05, 0.00013706108, 4.4509525e-05]","[6.709232e-05, 7.21226e-05, 0.00039947516, 8.2195154e-05]","[1.4477739e-05, 4.9303413e-05, 0.00013630962, 4.438161e-05]","[9.985185e-05, 7.183795e-05, 0.00041016922, 8.240898e-05]","[5.370916e-05, 3.5164958e-05, 0.00015207309, 3.332591e-05]"
unsat_cliquecoloring_37_230.cnf,"[1.4798799747950398e-05, 1.3815700367558747e-05, 4.216880006424617e-05, 1.2946500282851047e-05]","[3.7672162e-05, 3.574365e-05, 0.00011917192, 4.621822e-05]","[2.6457199e-06, 3.2659798e-06, 1.564008e-05, 2.9544103e-06]","[2.4884198e-06, 2.18499e-06, 2.0163981e-05, 2.2380198e-06]","[2.4812942e-05, 2.712155e-05, 0.0001561171, 3.288412e-05]","[4.2154006e-06, 7.371229e-06, 3.3050474e-05, 8.88587e-06]","[2.63012e-05, 2.7306882e-05, 0.00015810682, 3.240603e-05]","[8.314139e-06, 9.483951e-06, 2.72354e-05, 1.583761e-05]"
unsat_dominating_80_1810_96282.cnf,"[0.0002727411003434099, 8.853500039549545e-05, 0.0008441835001576692, 0.00014471269932982977]","[0.0004114154, 0.00020734806, 0.00048812403, 0.00010840994]","[3.12423e-06, 2.50342e-06, 1.627367e-05, 2.4980702e-06]","[3.2915098e-06, 2.7211802e-06, 2.142618e-05, 2.67247e-06]","[8.0983635e-05, 0.00013780092, 0.0004571777, 0.00015284102]","[3.2405198e-06, 2.6813095e-06, 2.116106e-05, 2.6748e-06]","[4.8532173e-05, 8.175777e-05, 0.0003546692, 9.039283e-05]","[1.0588601e-05, 2.676564e-05, 3.117937e-05, 7.828089e-05]"
unsat_dominating_80_1810_40273.cnf,"[0.0002310561994818272, 0.0002296942999237217, 0.001431927400335553, 0.00024266280051961077]","[0.00041348458, 0.00019548801, 0.00048212017, 0.0001056971]","[3.13368e-06, 2.5977902e-06, 1.6474161e-05, 2.5255401e-06]","[3.3268e-06, 2.7283e-06, 2.142705e-05, 2.7675399e-06]","[8.056158e-05, 0.00015502385, 0.00047788065, 0.00017396385]","[3.24835e-06, 2.69404e-06, 2.118896e-05, 2.6846e-06]","[7.470099e-05, 0.00011825633, 0.00041540776, 0.00013230706]",
sat_subsetcard_12_72_25143.cnf,"[5.366999903344549e-06, 7.630000618519262e-06, 2.306220012542326e-05, 5.716399755328894e-06]","[3.3693806e-05, 1.9984562e-05, 5.395657e-05, 1.34622e-05]","[7.78362e-06, 7.72087e-06, 2.5651278e-05, 5.5628398e-06]","[1.037049e-05, 1.628046e-05, 7.30534e-05, 1.8035249e-05]","[1.047705e-05, 1.697174e-05, 9.3827475e-05, 1.838654e-05]","[1.039534e-05, 1.649989e-05, 7.366227e-05, 1.7842689e-05]","[1.056223e-05, 1.7243021e-05, 0.000104377046, 1.891212e-05]","[6.0010298e-06, 7.83014e-06, 2.9132887e-05, 5.6919303e-06]"
sat_op_28_119_74214.cnf,"[9.361199772683904e-06, 1.2231299842824228e-05, 5.889760032005142e-05, 8.764599988353438e-06]","[4.9370923e-05, 2.6421028e-05, 7.482605e-05, 1.715746e-05]","[7.1919503e-06, 8.60668e-06, 2.337615e-05, 7.28344e-06]","[1.1413698e-05, 1.9271722e-05, 8.2752755e-05, 2.382495e-05]","[1.564797e-05, 2.168098e-05, 0.000117869524, 2.454082e-05]","[1.123829e-05, 1.913135e-05, 8.091169e-05, 2.2849168e-05]","[1.545289e-05, 2.159231e-05, 0.000119444725, 2.4840538e-05]","[8.508469e-06, 8.49987e-06, 3.253236e-05, 7.73625e-06]"
sat_4clique_32_404_34389.cnf,"[4.728999192593619e-06, 4.136389979976229e-05, 0.0001988212996366201, 3.629429957072716e-05]","[9.982601e-05, 4.8391077e-05, 0.00014224765, 2.9245206e-05]","[2.3568498e-06, 1.9921401e-06, 1.295822e-05, 1.9434199e-06]","[5.8814594e-06, 1.290004e-05, 4.5268687e-05, 1.733301e-05]","[2.1199441e-05, 2.8321858e-05, 0.00017008488, 3.5619647e-05]","[5.71259e-06, 1.256267e-05, 4.399481e-05, 1.701265e-05]","[2.8408398e-05, 3.5436628e-05, 0.00020175979, 4.4926237e-05]","[7.2632706e-06, 1.105233e-05, 2.5247049e-05, 2.341764e-05]"
unsat_5clique_65_1955_91681.cnf,"[6.816829991294072e-05, 8.812229971226771e-05, 0.0006215676003193948, 8.618900064902846e-05]","[0.00043054632, 0.00020104003, 0.0005261317, 0.00010979492]","[3.1819e-06, 2.5878999e-06, 1.598008e-05, 2.5419704e-06]","[3.70634e-06, 2.81649e-06, 2.174974e-05, 2.9862401e-06]","[5.5026227e-05, 0.00013044695, 0.00041559828, 0.00014825938]","[3.47793e-06, 2.8333602e-06, 2.1947872e-05, 2.78147e-06]","[4.630265e-05, 9.7633216e-05, 0.00036892015, 0.00010908405]",
unsat_php_96_450_86266.cnf,"[0.00039472559947171246, 0.0004293174006306799, 0.0063384589993802365, 0.00031117260004975833]","[0.00012053775, 5.965932e-05, 0.000120234836, 3.246814e-05]","[2.4358699e-06, 2.1149e-06, 1.5041803e-05, 2.07642e-06]","[3.4496102e-06, 5.2194105e-06, 2.7619442e-05, 6.5451195e-06]","[3.545538e-05, 3.8757156e-05, 0.00022534325, 4.8801397e-05]","[2.5653e-06, 2.2458503e-06, 2.1190881e-05, 2.2339602e-06]","[3.21592e-05, 3.938305e-05, 0.00022322801, 4.8602284e-05]","[9.9113595e-06, 1.3053701e-05, 2.996994e-05, 3.08378e-05]"
sat_5color_250_1050_96558.cnf,"[1.5164000797085463e-05, 3.1740099802846086e-05, 9.922469944285694e-05, 6.0721599584212524e-05]","[0.00028777175, 0.00013160236, 0.00016179634, 6.975285e-05]","[2.71496e-06, 2.49515e-06, 1.581228e-05, 2.21088e-06]","[2.7765104e-06, 2.3798998e-06, 2.108591e-05, 2.3788302e-06]","[4.9671267e-05, 4.7460682e-05, 0.00025922753, 6.1608764e-05]","[2.8408e-06, 2.6052098e-06, 2.1384829e-05, 2.4140002e-06]","[4.43755e-05, 4.768906e-05, 0.00025691692, 6.0530205e-05]","[8.61295e-06, 2.02876e-05, 3.9414972e-05, 4.9353333e-05]"
unsat_dominating_40_455_87000.cnf,"[2.921330051322002e-05, 2.0952200065949002e-05, 0.0001802778999262955, 2.7387699810788034e-05]","[9.7598335e-05, 6.280645e-05, 0.00018540048, 5.1361432e-05]","[2.50589e-06, 2.02613e-06, 1.306016e-05, 1.97921e-06]","[2.6368502e-06, 2.21268e-06, 2.1308591e-05, 2.1624996e-06]","[3.488135e-05, 3.803496e-05, 0.00022114608, 4.810385e-05]","[2.5068698e-06, 2.1918097e-06, 2.139444e-05, 2.13067e-06]","[3.69681e-05, 3.7703052e-05, 0.00022105838, 4.8801234e-05]","[7.3701704e-06, 1.16056e-05, 2.505349e-05, 2.5035019e-05]"
unsat_tiling_20_101_58566.cnf,"[8.22079964564182e-06, 8.41899964143522e-06, 2.6924300254904664e-05, 6.712899994454346e-06]","[2.4693809e-05, 1.877426e-05, 6.4124644e-05, 1.48829e-05]","[2.31817e-06, 1.9473403e-06, 1.2302849e-05, 1.93546e-06]","[4.5895904e-06, 7.14277e-06, 3.4494627e-05, 8.73926e-06]","[1.18218495e-05, 1.494001e-05, 8.101242e-05, 1.7105409e-05]","[3.4189502e-06, 4.4460203e-06, 2.6171529e-05, 5.15004e-06]","[1.217982e-05, 1.490649e-05, 7.984381e-05, 1.6958791e-05]","[6.68883e-06, 7.2689e-06, 2.217996e-05, 7.68173e-06]"
unsat_dominating_50_690_38469.cnf,"[8.899960048438515e-05, 3.6450900734052996e-05, 0.0004096747998119099, 5.190049996599555e-05]","[0.00015965737, 8.104722e-05, 0.00024309687, 6.225081e-05]","[2.4223905e-06, 2.11977e-06, 1.3601179e-05, 2.03625e-06]","[2.6173896e-06, 2.2688403e-06, 2.135134e-05, 2.2567701e-06]","[3.4297227e-05, 4.78251e-05, 0.00027013736, 6.303217e-05]","[2.6193002e-06, 2.2999e-06, 2.1584401e-05, 2.2639201e-06]","[3.9028477e-05, 4.8257632e-05, 0.00027118082, 6.225932e-05]","[8.307649e-06, 1.412358e-05, 2.6912903e-05, 3.5043842e-05]"
sat_php_220_876_45650.cnf,"[2.8076899616280572e-05, 2.670450121513568e-05, 9.272089955629781e-05, 4.5065400263410994e-05]","[0.00024990152, 0.00011423863, 0.00019128145, 6.8956186e-05]","[2.7865804e-06, 2.4008402e-06, 1.96734e-05, 2.3831003e-06]","[2.9392e-06, 2.70604e-06, 2.158101e-05, 2.4396502e-06]","[5.9373688e-05, 5.610605e-05, 0.000304262, 7.215946e-05]","[2.7135102e-06, 2.37752e-06, 2.1169031e-05, 2.3034897e-06]","[4.725608e-05, 4.563776e-05, 0.0002587421, 5.7259644e-05]",
unsat_php_97_451_21992.cnf,"[0.0019216050000977702, 0.0014167669993184972, 0.01194226149964379, 0.001251932099694386]","[0.00012125955, 6.1434024e-05, 0.00011066471, 3.7535472e-05]","[2.5137401e-06, 2.1258097e-06, 1.491906e-05, 2.0709501e-06]","[2.7769897e-06, 2.2330498e-06, 2.127396e-05, 2.2315896e-06]","[3.876504e-05, 3.8852708e-05, 0.00022290864, 4.891696e-05]","[2.69078e-06, 2.36973e-06, 2.127371e-05, 2.2268603e-06]","[3.8371087e-05, 3.9073722e-05, 0.00022401757, 4.9093487e-05]","[1.217593e-05, 1.4037559e-05, 3.789724e-05, 2.669543e-05]"
unsat_dominating_80_1810_71978.cnf,"[6.956860088394023e-05, 8.267299963335973e-05, 0.0005949461003183388, 9.890610053844284e-05]","[0.0004146039, 0.00019383829, 0.00045418213, 0.00010857456]","[3.0824406e-06, 2.55738e-06, 1.656881e-05, 2.5211898e-06]","[3.3581405e-06, 2.7432604e-06, 2.117784e-05, 2.7199596e-06]","[6.499738e-05, 0.00011910954, 0.0004153167, 0.00013344063]","[3.3682304e-06, 2.7365502e-06, 2.156456e-05, 2.70108e-06]","[7.248868e-05, 0.000118722106, 0.0004174335, 0.00013260814]",
unsat_dominating_80_1810_52694.cnf,"[0.00021070499933557586, 0.00031259880015568344, 0.0016169476995855803, 0.00045311849899007937]","[0.00041005417, 0.00019543983, 0.0004499834, 0.00010750798]","[3.20132e-06, 2.5762297e-06, 1.617781e-05, 2.5104e-06]","[3.3770898e-06, 2.7466401e-06, 2.147206e-05, 2.76018e-06]","[4.9024886e-05, 8.135208e-05, 0.0003553279, 9.125567e-05]","[3.31333e-06, 2.84691e-06, 2.1562932e-05, 2.6976097e-06]","[5.8747817e-05, 9.930182e-05, 0.00038358144, 0.000111395784]",
sat_php_226_932_62209.cnf,"[2.5053799618035555e-05, 2.750670028035529e-05, 9.443499984627124e-05, 4.700010031228885e-05]","[0.00026115813, 0.00011997047, 0.00019308734, 7.302295e-05]","[2.67513e-06, 2.33531e-06, 1.983307e-05, 2.27915e-06]","[2.7953804e-06, 2.39359e-06, 2.1203323e-05, 2.3796902e-06]","[6.1253704e-05, 5.761759e-05, 0.00030747234, 7.2257106e-05]","[2.8980796e-06, 2.45327e-06, 2.123122e-05, 2.3768202e-06]","[5.4201268e-05, 4.6287238e-05, 0.00025842927, 5.7951554e-05]",
unsat_dominating_80_1810_77484.cnf,"[0.00014523010104312563, 0.00022347240010276437, 0.0009142481005255832, 0.0003279722994193435]","[0.00041379928, 0.00019497256, 0.00047113496, 0.0001080762]","[3.14026e-06, 2.62189e-06, 1.6251452e-05, 2.65496e-06]","[3.2768803e-06, 2.7169303e-06, 2.202432e-05, 2.8753798e-06]","[4.8847396e-05, 8.104068e-05, 0.00035361183, 9.0519075e-05]","[3.23637e-06, 2.7132796e-06, 2.1459682e-05, 2.6816e-06]","[5.892666e-05, 0.00010055026, 0.00038533163, 0.00011339826]",
unsat_4color_40_190_72085.cnf,"[7.706310025241691e-05, 5.967580073047429e-05, 0.00042822549985430667, 6.269930017879232e-05]","[5.2681462e-05, 2.9253371e-05, 6.587898e-05, 1.6901471e-05]","[2.37662e-06, 2.0495195e-06, 1.314774e-05, 1.93465e-06]","[4.7395306e-06, 8.43962e-06, 3.5379722e-05, 1.0599981e-05]","[1.92216e-05, 2.2067092e-05, 0.00012299858, 2.666227e-05]","[3.90655e-06, 6.15011e-06, 2.9797515e-05, 7.0960705e-06]","[1.7581531e-05, 2.1601289e-05, 0.00012192421, 2.677127e-05]","[6.8629197e-06, 9.15307e-06, 2.7755174e-05, 1.201232e-05]"
sat_php_234_995_88781.cnf,"[3.174399971612729e-05, 2.8770100107067266e-05, 9.647350088926032e-05, 4.810289974557236e-05]","[0.00028750944, 0.00012589284, 0.0002140376, 7.903193e-05]","[2.89362e-06, 2.35822e-06, 1.9770609e-05, 2.3055902e-06]","[2.8794898e-06, 2.43722e-06, 2.1410571e-05, 2.4179901e-06]","[5.496596e-05, 4.7651432e-05, 0.00025817085, 6.0288545e-05]","[2.80632e-06, 2.5946401e-06, 2.122527e-05, 2.40302e-06]","[4.9578666e-05, 4.688872e-05, 0.00025752335, 5.9223035e-05]",
unsat_dominating_80_1809_21835.cnf,"[7.403810013784096e-05, 5.934899927524384e-05, 0.0003954936000809539, 6.989240064285696e-05]","[0.0004085106, 0.00019335773, 0.00048397924, 0.00010434127]","[3.12649e-06, 2.70356e-06, 1.6246759e-05, 2.51356e-06]","[3.29069e-06, 2.6919597e-06, 2.1531168e-05, 2.7006697e-06]","[6.7642904e-05, 0.00011752823, 0.00040842252, 0.00013094275]","[3.2492298e-06, 2.7196097e-06, 2.131386e-05, 2.6830298e-06]","[5.115032e-05, 9.8037126e-05, 0.00037896962, 0.00011119621]","[1.034803e-05, 2.7096761e-05, 3.000019e-05, 7.928531e-05]"
sat_php_229_951_42801.cnf,"[2.9316500877030195e-05, 2.8832100360887126e-05, 9.49624998611398e-05, 4.5799399958923456e-05]","[0.0002698113, 0.00011998486, 0.0002060297, 7.609355e-05]","[2.6067003e-06, 2.26627e-06, 1.517303e-05, 2.1942199e-06]","[2.92948e-06, 2.4365704e-06, 2.1599539e-05, 2.59137e-06]","[6.1957944e-05, 5.7629222e-05, 0.0003164858, 7.314884e-05]","[2.8937898e-06, 2.42991e-06, 2.0992149e-05, 2.4146902e-06]","[5.7748694e-05, 5.740071e-05, 0.0003158202, 7.2561066e-05]",
sat_op_28_119_84304.cnf,"[7.714800085523166e-06, 1.1601100777625106e-05, 2.8709599428111686e-05, 8.036299914238042e-06]","[4.9919898e-05, 3.032001e-05, 7.949445e-05, 1.6099792e-05]","[8.010989e-06, 9.075489e-06, 2.535707e-05, 7.5366797e-06]","[1.147762e-05, 1.967078e-05, 8.246575e-05, 2.318786e-05]","[1.556937e-05, 2.2793709e-05, 0.00012342127, 2.555162e-05]","[1.1502811e-05, 2.0284939e-05, 8.669462e-05, 2.5168763e-05]","[1.5547808e-05, 2.2573202e-05, 0.00012199934, 2.548769e-05]","[8.45727e-06, 9.024121e-06, 2.951727e-05, 8.1138105e-06]"
unsat_op_90_775_82061.cnf,"[0.0008793859000434167, 0.008119153499501408, 0.009435779500199715, 0.00622545740006899]","[0.0002628526, 0.00012610304, 0.00027963484, 8.416203e-05]","[2.6133098e-06, 2.27884e-06, 1.534502e-05, 2.2388801e-06]","[3.06097e-06, 2.64566e-06, 2.228854e-05, 2.64593e-06]","[4.794192e-05, 6.5273445e-05, 0.00035267387, 7.499095e-05]","[2.9646799e-06, 2.57882e-06, 2.202289e-05, 2.5862898e-06]","[4.93753e-05, 6.5377666e-05, 0.00035662492, 7.4859796e-05]","[1.340929e-05, 1.7504219e-05, 3.470461e-05, 3.404579e-05]"
unsat_cliquecoloring_36_176.cnf,"[2.8950699925189837e-05, 2.4740999288042075e-05, 0.00016653149978083093, 2.5565800387994387e-05]","[5.8191225e-05, 3.3486598e-05, 5.5318473e-05, 1.8989938e-05]","[2.37019e-06, 1.9967401e-06, 1.3247089e-05, 1.96042e-06]","[6.45928e-06, 1.109517e-05, 4.5490782e-05, 1.329503e-05]","[2.050967e-05, 2.37292e-05, 0.00013437332, 2.803151e-05]","[5.9593e-06, 1.1808089e-05, 4.5735367e-05, 1.456305e-05]","[2.1008611e-05, 2.424352e-05, 0.0001355806, 2.781532e-05]","[8.55064e-06, 9.355999e-06, 2.5861189e-05, 1.0056321e-05]"
sat_php_224_911_4195.cnf,"[2.337369951419532e-05, 2.742129909165669e-05, 9.416579996468499e-05, 4.579410051519517e-05]","[0.0002531462, 0.000116290874, 0.00020302969, 6.9039794e-05]","[2.8468803e-06, 2.25192e-06, 1.956736e-05, 2.23663e-06]","[2.9354298e-06, 2.3902098e-06, 2.119493e-05, 2.3074904e-06]","[4.823709e-05, 4.640757e-05, 0.0002576363, 5.828265e-05]","[2.98011e-06, 2.4159e-06, 2.1403348e-05, 2.37322e-06]","[6.434037e-05, 5.659596e-05, 0.00030453436, 7.317205e-05]",
unsat_dominating_80_1810_53707.cnf,"[3.927309990103822e-05, 3.2112300323206e-05, 0.00021178579954721498, 5.198709986871108e-05]","[0.00041328426, 0.0001938643, 0.0004830013, 0.000107170534]","[3.1056702e-06, 2.5387899e-06, 1.6266478e-05, 2.56785e-06]","[3.2898001e-06, 2.72306e-06, 2.1544909e-05, 2.67683e-06]","[6.796578e-05, 0.00011651134, 0.00040778736, 0.00013129409]","[3.2321102e-06, 2.64207e-06, 2.1610409e-05, 2.5784698e-06]","[7.268643e-05, 9.829538e-05, 0.0003788743, 0.0001098437]","[1.045735e-05, 2.7091819e-05, 3.1154188e-05, 7.6702025e-05]"
sat_subsetcard_12_36_64659.cnf,"[5.5656004406046126e-06, 6.8653000198537486e-06, 2.1676199685316534e-05, 4.982200334779918e-06]","[8.74892e-06, 1.28784595e-05, 3.73196e-05, 1.301961e-05]","[4.2443303e-06, 7.2067896e-06, 2.1153099e-05, 5.3493004e-06]","[6.3856e-06, 1.1313741e-05, 4.8962218e-05, 1.131472e-05]","[7.5672797e-06, 1.0487622e-05, 5.4916658e-05, 1.0477629e-05]","[6.646621e-06, 1.122813e-05, 5.0439947e-05, 1.1197941e-05]","[7.42978e-06, 1.018733e-05, 5.4582248e-05, 1.032874e-05]","[4.39104e-06, 7.2172397e-06, 2.2165183e-05, 5.36623e-06]"
sat_subsetcard_80_2240_22665.cnf,"[0.0001331732994003687, 6.899700019857846e-05, 0.0001530503996036714, 5.157149971637409e-05]","[0.0068111746, 0.004667921, 0.018672558, 0.005519192]","[0.14197528, 0.11361618, 0.47298294, 0.16712052]","[3.62907e-05, 7.7301105e-05, 0.00013725771, 7.224323e-05]","[0.00022691951, 0.00015265521, 0.0008085371, 0.00014409733]","[3.822313e-05, 7.471909e-05, 0.00013378754, 7.220927e-05]","[0.00023574603, 0.00015337774, 0.0008077476, 0.00014307193]","[6.095942e-05, 5.632634e-05, 9.9959645e-05, 3.8301343e-05]"
unsat_op_90_775_64509.cnf,"[3.692700011015404e-05, 5.252660012047272e-05, 8.586290023231413e-05, 5.756619975727517e-05]","[0.0002587368, 0.00012450952, 0.00029074535, 8.410249e-05]","[2.7526698e-06, 2.36276e-06, 2.1515001e-05, 2.2768897e-06]","[3.10592e-06, 2.6344599e-06, 2.205392e-05, 2.57023e-06]","[4.953522e-05, 6.448921e-05, 0.0003503868, 7.530251e-05]","[2.9691205e-06, 2.53587e-06, 2.2089382e-05, 2.49591e-06]","[4.887996e-05, 6.4300824e-05, 0.0003492995, 7.430618e-05]","[1.593754e-05, 1.8380531e-05, 3.6217378e-05, 3.777436e-05]"
unsat_dominating_80_1810_49226.cnf,"[0.00020502759907685685, 0.0002843142003257526, 0.001594758699866361, 0.00028300599951762705]","[0.0004220332, 0.00019426364, 0.00046343342, 0.000107643194]","[3.1803897e-06, 2.6253e-06, 1.6332671e-05, 2.5571703e-06]","[3.3646902e-06, 2.76111e-06, 2.144206e-05, 2.8864695e-06]","[7.4279356e-05, 0.00011926251, 0.00041897027, 0.00013195007]","[3.3381198e-06, 2.76843e-06, 2.155268e-05, 2.8783497e-06]","[7.309108e-05, 8.202175e-05, 0.0003532291, 9.084366e-05]",
sat_php_223_901_21286.cnf,"[2.760459974524565e-05, 2.7412899362389e-05, 9.368729952257127e-05, 4.563790025713388e-05]","[0.00024953415, 0.00012330269, 0.00018192825, 7.068967e-05]","[2.7424799e-06, 2.3889402e-06, 1.992101e-05, 2.3351904e-06]","[2.9833998e-06, 2.4343599e-06, 2.1384652e-05, 2.3696302e-06]","[4.8508653e-05, 4.609862e-05, 0.0002567023, 5.722206e-05]","[2.8022698e-06, 2.3470302e-06, 2.145236e-05, 2.3206198e-06]","[6.001374e-05, 5.6815585e-05, 0.0003048677, 7.180899e-05]",
unsat_5clique_65_1955_42480.cnf,"[6.515449931612238e-05, 0.00010664490073395428, 0.0006526368990307674, 7.869599940022454e-05]","[0.0004324397, 0.00020174135, 0.0005025709, 0.000110544344]","[3.393762e-05, 7.05233e-05, 6.3449486e-05, 4.846912e-05]","[3.5590099e-06, 2.94249e-06, 2.1851649e-05, 2.90507e-06]","[5.3608856e-05, 0.00013057733, 0.00041810787, 0.00014792441]","[3.5113e-06, 2.9164e-06, 2.180944e-05, 2.8956601e-06]","[5.0130744e-05, 0.00011420485, 0.00039429142, 0.00012860144]",
unsat_op_45_248_69595.cnf,"[1.002120043267496e-05, 1.3645699800690636e-05, 6.569840043084696e-05, 1.3184299677959644e-05]","[8.653084e-05, 4.672029e-05, 0.0001071098, 3.502816e-05]","[2.40544e-06, 2.0561997e-06, 1.41887695e-05, 1.96016e-06]","[1.3176921e-05, 2.9862957e-05, 9.867435e-05, 3.88962e-05]","[2.536333e-05, 3.6245998e-05, 0.00020105726, 4.2320346e-05]","[1.331702e-05, 2.809373e-05, 9.666347e-05, 3.7403603e-05]","[2.5422056e-05, 3.643472e-05, 0.00020284983, 4.222096e-05]","[9.93117e-06, 9.95573e-06, 3.01504e-05, 1.30012195e-05]"
unsat_tseitin_30_568_54824.cnf,"[0.9168510898998647, 1.2246167210003478, 3.663051031500072, 1.1272834031991805]","[0.00018582167, 0.0002003748, 0.0004103921, 0.00023805609]","[3.723805e-05, 3.719668e-05, 7.271096e-05, 2.7695849e-05]","[1.568055e-05, 5.436874e-05, 0.00014848894, 4.7415342e-05]","[8.767779e-05, 7.7283e-05, 0.0004151534, 8.745361e-05]","[1.55221e-05, 5.5077595e-05, 0.00015061165, 4.8538463e-05]","[0.00010155035, 7.710455e-05, 0.0004143271, 8.8002285e-05]","[2.702105e-05, 2.5303501e-05, 5.5250326e-05, 1.8548051e-05]"
unsat_tseitin_40_292_99809.cnf,"[0.26906588960082445, 0.335917605099894, 0.8006433543003368, 0.1481440242005192]","[0.00018364043, 9.6745716e-05, 0.00042041848, 0.00011050744]","[1.604615e-05, 1.964367e-05, 5.2322594e-05, 1.49362095e-05]","[1.3261039e-05, 3.5482488e-05, 0.00012246647, 3.6110505e-05]","[3.2788266e-05, 5.495695e-05, 0.00031966442, 6.264173e-05]","[1.3346131e-05, 3.5696357e-05, 0.00012033, 3.637053e-05]","[3.892084e-05, 5.479764e-05, 0.00032053154, 6.2901665e-05]","[6.135265e-05, 3.66715e-05, 0.00018482862, 3.770514e-05]"
unsat_cliquecoloring_54_673.cnf,"[0.00019292900069558527, 0.00014534699948853813, 0.0007707522992859595, 0.00014528309984598308]","[0.00021573501, 0.000114534996, 0.0002244026, 5.9890415e-05]","[2.49584e-06, 2.15639e-06, 1.4129279e-05, 2.1217802e-06]","[2.7703304e-06, 2.4198403e-06, 2.1852213e-05, 2.3408797e-06]","[5.0229028e-05, 5.8087946e-05, 0.00032544462, 6.899085e-05]","[2.8100903e-06, 2.5395304e-06, 2.1807162e-05, 2.33313e-06]","[5.0338793e-05, 5.846662e-05, 0.00032386286, 6.883816e-05]","[6.3280995e-06, 1.7012699e-05, 3.5392593e-05, 2.824853e-05]"
unsat_dominating_50_689_11317.cnf,"[9.04448996152496e-05, 5.170620024728123e-05, 0.0006567892000020947, 6.396329990820959e-05]","[0.00016878407, 9.1452646e-05, 0.00019897222, 5.2436924e-05]","[2.4480496e-06, 2.1545e-06, 1.38779305e-05, 2.0875498e-06]","[2.7016702e-06, 2.32215e-06, 2.150351e-05, 2.2846702e-06]","[3.8883874e-05, 4.8340087e-05, 0.0002674632, 6.326189e-05]","[2.6241503e-06, 2.2808301e-06, 2.145325e-05, 2.24935e-06]","[4.1430692e-05, 4.742758e-05, 0.00027029644, 6.398982e-05]","[8.061509e-06, 1.397035e-05, 2.630048e-05, 3.517675e-05]"
unsat_matching_80_365_47440.cnf,"[0.01114283200004138, 0.010267203400144354, 0.04582376010075677, 0.009650678799880552]","[9.879023e-05, 4.9584924e-05, 9.6920194e-05, 2.860679e-05]","[2.37927e-06, 2.07126e-06, 1.4759108e-05, 2.00562e-06]","[2.5406803e-06, 2.24094e-06, 2.111361e-05, 2.21173e-06]","[3.4385168e-05, 3.5918172e-05, 0.00020751488, 4.412944e-05]","[2.53803e-06, 2.2563197e-06, 2.107201e-05, 2.2426202e-06]","[3.449346e-05, 3.6346002e-05, 0.00020617685, 4.3881264e-05]","[6.94889e-06, 1.139765e-05, 2.8189892e-05, 2.3445391e-05]"
sat_tiling_5_17_36057.cnf,"[3.481200837995857e-06, 6.5789001382654534e-06, 2.0592399596353062e-05, 4.412999624037184e-06]","[3.30603e-06, 5.98177e-06, 1.732827e-05, 3.80421e-06]","[2.7756703e-06, 5.5461296e-06, 1.6124808e-05, 3.32422e-06]","[4.3608197e-06, 8.2282195e-06, 3.006233e-05, 6.67707e-06]","[4.59918e-06, 6.2852805e-06, 2.8260842e-05, 5.5207e-06]","[4.1176295e-06, 8.049919e-06, 2.805279e-05, 6.11382e-06]","[4.4474996e-06, 6.09592e-06, 2.714153e-05, 5.3882504e-06]","[4.90815e-06, 6.3162397e-06, 1.9503239e-05, 3.7009995e-06]"
unsat_matching_80_363_61838.cnf,"[7.076999827404506e-06, 1.592640001035761e-05, 4.060069986735471e-05, 2.5302699577878228e-05]","[0.000100158606, 5.032294e-05, 9.5119154e-05, 2.7122249e-05]","[2.4146e-06, 2.08561e-06, 1.4482491e-05, 1.9772501e-06]","[2.60067e-06, 2.19335e-06, 2.10505e-05, 2.1663898e-06]","[3.581254e-05, 3.6109683e-05, 0.00020673001, 4.492065e-05]","[2.5533895e-06, 2.3301998e-06, 2.1112162e-05, 2.2089396e-06]","[3.5594232e-05, 3.587723e-05, 0.00020545698, 4.379049e-05]","[7.324031e-06, 1.146143e-05, 2.7571892e-05, 2.3147531e-05]"
unsat_tseitin_30_452_52851.cnf,"[2.3316367614002957, 4.712700644801226, 8.804799285600165, 2.204998864600202]","[0.00015150741, 0.0001555746, 0.00040993834, 0.00017790135]","[5.905787e-05, 4.10318e-05, 0.00012144678, 3.537825e-05]","[1.4700051e-05, 4.7752364e-05, 0.00013750936, 4.352042e-05]","[9.685655e-05, 7.1590584e-05, 0.00039455976, 8.191446e-05]","[1.43631605e-05, 4.67891e-05, 0.00013559063, 4.3207176e-05]","[7.652543e-05, 7.109507e-05, 0.00039307115, 8.188684e-05]","[5.259948e-05, 5.041903e-05, 0.00014461634, 4.907563e-05]"
sat_3clique_24_255_7737.cnf,"[6.692199167446233e-06, 1.877590038930066e-05, 0.00013352780006243848, 1.1028599692508578e-05]","[6.459431e-05, 3.9084363e-05, 0.00010353781, 1.95486e-05]","[2.59324e-06, 1.99443e-06, 1.2439259e-05, 1.9413596e-06]","[4.69909e-06, 9.126081e-06, 3.810303e-05, 1.1605431e-05]","[1.7886949e-05, 2.5230804e-05, 0.00014777479, 3.137752e-05]","[6.8731906e-06, 1.6319449e-05, 5.534692e-05, 2.100464e-05]","[1.7683731e-05, 2.5897787e-05, 0.00014895802, 3.174266e-05]","[7.59983e-06, 9.357139e-06, 2.3411221e-05, 1.54905e-05]"
sat_subsetcard_60_2820_25143.cnf,"[9.33276995056076e-05, 7.929989915282931e-05, 0.00017709970015857834, 5.48910003999481e-05]","[0.0018395843, 0.00090045127, 0.00208173, 0.0011533258]",,"[5.82149e-06, 5.1920397e-06, 2.7669259e-05, 5.10712e-06]","[0.00010546538, 0.00017473726, 0.0006417729, 0.0001579556]","[5.7677694e-06, 5.15619e-06, 2.7783908e-05, 5.2843e-06]","[0.00012567923, 0.00017743142, 0.0006284865, 0.00016013972]","[1.4783071e-05, 4.394082e-05, 3.5679488e-05, 5.28862e-05]"
unsat_dominating_40_455_28307.cnf,"[3.402069996809587e-05, 2.959079974971246e-05, 0.00018439059931552038, 3.0373199842870234e-05]","[9.708413e-05, 6.250675e-05, 0.00016265466, 4.9855687e-05]","[2.2999197e-06, 2.0982302e-06, 1.309986e-05, 1.9579397e-06]","[2.5145496e-06, 2.2085799e-06, 2.1035248e-05, 2.21571e-06]","[3.742954e-05, 3.8303882e-05, 0.0002216775, 4.8621427e-05]","[2.4977103e-06, 2.3991902e-06, 2.134249e-05, 2.1799997e-06]","[3.562479e-05, 3.855836e-05, 0.00022246162, 4.763314e-05]","[8.0725e-06, 1.166958e-05, 2.582427e-05, 2.320893e-05]"
unsat_dominating_80_1809_635.cnf,"[0.00011953409994021058, 7.593320005980786e-05, 0.0004687270000431454, 9.917979950841982e-05]","[0.00040866775, 0.0001919381, 0.00049534836, 0.00010462517]","[3.15748e-06, 2.7570602e-06, 1.6557411e-05, 2.5363602e-06]","[3.22665e-06, 2.6434602e-06, 2.115378e-05, 2.66064e-06]","[7.7499724e-05, 0.000118031385, 0.00040925463, 0.00013246821]","[3.5252701e-06, 2.83904e-06, 2.1444352e-05, 2.7202502e-06]","[5.1352214e-05, 9.814058e-05, 0.00037732924, 0.00011009773]","[1.1134989e-05, 2.7085218e-05, 3.070452e-05, 7.548334e-05]"
unsat_dominating_40_455_87187.cnf,"[8.905059949029236e-05, 4.337430000305176e-05, 0.0004308940002374584, 5.425629969977308e-05]","[0.00010131379, 7.079377e-05, 0.00019128721, 5.5937307e-05]","[2.5124498e-06, 2.10562e-06, 1.3262341e-05, 2.00609e-06]","[2.5938396e-06, 2.2743202e-06, 2.1244663e-05, 2.2141003e-06]","[3.490656e-05, 3.8106984e-05, 0.00021909806, 4.891546e-05]","[2.5715804e-06, 2.23359e-06, 2.1308992e-05, 2.18885e-06]","[4.077989e-05, 3.851625e-05, 0.00022038145, 4.90233e-05]","[7.728248e-06, 1.167797e-05, 2.563839e-05, 2.4684248e-05]"
sat_op_45_249_90577.cnf,"[1.2694300312432461e-05, 1.4546100283041597e-05, 3.941769973607734e-05, 1.0735599425970577e-05]","[8.894307e-05, 4.689998e-05, 0.000121659876, 3.086393e-05]","[7.10182e-06, 1.04724995e-05, 2.3172768e-05, 1.016281e-05]","[1.315531e-05, 2.814444e-05, 0.000100402314, 3.690619e-05]","[2.5577869e-05, 3.7339913e-05, 0.00020708698, 4.32253e-05]","[1.3310579e-05, 2.7237993e-05, 0.00010437142, 3.641149e-05]","[2.5680818e-05, 3.714319e-05, 0.00020744032, 4.3438158e-05]","[9.07272e-06, 1.043182e-05, 3.0467461e-05, 1.370043e-05]"
sat_tseitin_30_424_85097.cnf,"[2.0205300097586586e-05, 1.7956900046556255e-05, 4.803140072908718e-05, 1.2673700257437304e-05]","[0.00027261896, 0.00014191543, 0.00034300363, 0.00016382089]","[3.602288e-05, 2.494138e-05, 5.780065e-05, 1.851327e-05]","[1.4013199e-05, 4.49881e-05, 0.0001360345, 4.1984316e-05]","[7.42151e-05, 6.881899e-05, 0.00038860197, 7.9971556e-05]","[1.4212501e-05, 4.5561428e-05, 0.00013570042, 4.181384e-05]","[8.1871796e-05, 6.84267e-05, 0.00038982602, 7.951889e-05]","[7.741377e-05, 3.6964768e-05, 0.00019208161, 2.8425478e-05]"
sat_php_188_804_77056.cnf,"[2.5250199541915208e-05, 2.5463299971306695e-05, 8.167990054062103e-05, 4.150929999013897e-05]","[0.00022344531, 0.00010329136, 0.00019179133, 6.1036895e-05]","[2.6421399e-06, 2.5628299e-06, 1.926608e-05, 2.28445e-06]","[2.7781903e-06, 2.39739e-06, 2.157845e-05, 2.34356e-06]","[4.583145e-05, 4.42472e-05, 0.00024836732, 5.546942e-05]","[2.7424699e-06, 2.4864398e-06, 2.145458e-05, 2.2861302e-06]","[5.8138412e-05, 5.447821e-05, 0.00029467704, 6.792969e-05]","[2.4117322e-05, 2.012268e-05, 4.06395e-05, 5.0134975e-05]"
sat_5color_250_1300_43143.cnf,"[1.8825200459104963e-05, 3.63335002475651e-05, 9.888530003081542e-05, 6.620220046897885e-05]","[0.0003376744, 0.00015713318, 0.00019418293, 8.0636164e-05]","[2.9672499e-06, 2.5184004e-06, 2.0529822e-05, 2.4893502e-06]","[3.04619e-06, 2.54175e-06, 2.0973288e-05, 2.5453505e-06]","[6.1810046e-05, 8.9991554e-05, 0.00030786707, 0.00011554644]","[3.00058e-06, 2.5162003e-06, 2.1019569e-05, 2.54458e-06]","[5.469992e-05, 5.1112052e-05, 0.00024243994, 6.524271e-05]","[9.3074505e-06, 2.3343691e-05, 4.321213e-05, 5.4490636e-05]"
unsat_dominating_80_1810_64806.cnf,"[0.00024423639988526704, 0.00030317419950733895, 0.001665353500720812, 0.00039280059972952587]","[0.00041331197, 0.00019561492, 0.0004835325, 0.0001090341]","[3.14635e-06, 2.6373e-06, 1.662126e-05, 2.4998196e-06]","[3.1995805e-06, 2.6642704e-06, 2.156854e-05, 2.6602e-06]","[5.404874e-05, 8.158303e-05, 0.00035448052, 9.190397e-05]","[3.1918903e-06, 2.69264e-06, 2.168422e-05, 2.6385e-06]","[6.506291e-05, 9.972289e-05, 0.0003852981, 0.000111016176]","[1.0417031e-05, 2.6811671e-05, 3.007944e-05, 7.755705e-05]"
unsat_dominating_80_1809_18472.cnf,"[6.524579985125455e-05, 5.0254099915036934e-05, 0.0004172738001216203, 7.724869974481407e-05]","[0.00040591066, 0.00019209029, 0.00047493377, 0.000104979634]","[3.1621598e-06, 2.6923797e-06, 1.6590031e-05, 2.5678798e-06]","[3.29865e-06, 2.76397e-06, 2.160832e-05, 2.7097904e-06]","[5.5861292e-05, 8.014763e-05, 0.00035127692, 8.944951e-05]","[3.2596702e-06, 2.7417898e-06, 2.1350059e-05, 2.63792e-06]","[5.7966077e-05, 9.904038e-05, 0.00037875253, 0.00011201828]","[1.09769e-05, 2.7033393e-05, 3.0477511e-05, 7.343361e-05]"
unsat_subsetcard_31_129_84276.cnf,"[0.002451030599695514, 0.00107962399997632, 0.009531086599236006, 0.001284187000055681]","[5.4963195e-05, 3.2425218e-05, 8.3302046e-05, 1.9055591e-05]","[1.038671e-05, 1.0122691e-05, 3.3787986e-05, 9.113619e-06]","[1.1789931e-05, 2.0483129e-05, 9.024469e-05, 2.4903391e-05]","[1.649194e-05, 2.4599689e-05, 0.00013554729, 2.788274e-05]","[1.1804381e-05, 2.0390933e-05, 8.90138e-05, 2.5005662e-05]","[1.666084e-05, 2.46037e-05, 0.00013667384, 2.783324e-05]","[1.13059705e-05, 1.054441e-05, 3.844528e-05, 9.67143e-06]"
sat_dominating_60_970_53707.cnf,"[3.025290025107097e-05, 6.025910115567967e-05, 0.00035145170040777883, 6.712809918099082e-05]","[0.0002332204, 0.00013501209, 0.00030428, 6.7974084e-05]","[2.7407903e-06, 2.3414e-06, 1.876945e-05, 2.45521e-06]","[2.8612399e-06, 2.43759e-06, 2.11923e-05, 2.3799598e-06]","[4.313392e-05, 4.582998e-05, 0.00024866188, 5.8954534e-05]","[2.7860099e-06, 2.4625401e-06, 2.137268e-05, 2.32712e-06]","[5.4850312e-05, 5.56622e-05, 0.00029562035, 7.317469e-05]","[8.66829e-06, 1.735e-05, 2.8736069e-05, 3.343109e-05]"
sat_4clique_32_356_68014.cnf,"[4.7224999434547495e-06, 2.1828199533047154e-05, 6.398099903890398e-05, 1.528879984107334e-05]","[8.7880726e-05, 4.4222972e-05, 0.00012601449, 2.666901e-05]","[2.33767e-06, 2.01658e-06, 1.304375e-05, 1.9643398e-06]","[5.6511403e-06, 1.217761e-05, 4.429676e-05, 1.596159e-05]","[2.4383558e-05, 3.2119064e-05, 0.00018816788, 4.069387e-05]","[5.3096896e-06, 7.30856e-06, 3.209967e-05, 9.013429e-06]","[2.4406549e-05, 3.245997e-05, 0.0001874969, 4.048151e-05]","[7.3236806e-06, 1.059839e-05, 2.5586609e-05, 2.0687441e-05]"
sat_php_227_937_64655.cnf,"[2.566450057202019e-05, 2.7692499497788958e-05, 9.516989957774058e-05, 4.735529946628958e-05]","[0.0002632439, 0.00012029661, 0.00019423057, 7.503955e-05]","[2.79414e-06, 2.4665399e-06, 1.981928e-05, 2.41835e-06]","[2.9296903e-06, 2.4986198e-06, 2.1403812e-05, 2.5051e-06]","[5.450321e-05, 4.7248577e-05, 0.00025926664, 5.954864e-05]","[2.7564797e-06, 2.3982302e-06, 2.146323e-05, 2.3127802e-06]","[5.1664654e-05, 5.7168312e-05, 0.00030670647, 7.270203e-05]",
unsat_dominating_80_1810_71068.cnf,"[0.00034924449973914304, 0.0004513255007623229, 0.0020286949998990166, 0.00041824899926723447]","[0.00041473363, 0.00019394542, 0.00045288587, 0.000104879684]","[3.0904e-06, 2.62162e-06, 1.6458242e-05, 2.52974e-06]","[3.20516e-06, 2.6876799e-06, 2.186193e-05, 2.6620605e-06]","[6.251932e-05, 0.00010512507, 0.00036460062, 0.00011926519]","[3.3868098e-06, 2.7720002e-06, 2.162226e-05, 2.7341196e-06]","[5.4012628e-05, 0.000100583726, 0.00038602707, 0.00011193843]","[1.070655e-05, 2.6683341e-05, 3.1242576e-05, 8.005164e-05]"
sat_cliquecoloring_69_305.cnf,"[1.1523599096108227e-05, 2.7857899840455503e-05, 0.00019001389955519699, 3.4974599475390275e-05]","[0.000100939746, 4.7839887e-05, 0.00010927954, 3.0747768e-05]","[2.4244598e-06, 2.1765297e-06, 1.476522e-05, 2.04233e-06]","[4.3483606e-06, 8.11933e-06, 3.4505712e-05, 1.0018189e-05]","[2.867194e-05, 3.4225977e-05, 0.0001991428, 4.077339e-05]","[4.38973e-06, 8.25976e-06, 3.4406974e-05, 1.017996e-05]","[3.0091313e-05, 3.421741e-05, 0.00019996372, 4.0476327e-05]","[2.274719e-05, 1.750963e-05, 7.100634e-05, 3.020612e-05]"
unsat_tseitin_40_296_55226.cnf,"[0.1703957784000522, 0.2275029362994246, 0.27148104139960194, 0.12850731960024858]","[0.00015867212, 0.000102120495, 0.00033278886, 0.00011576243]","[1.4689829e-05, 2.0237032e-05, 5.075406e-05, 1.6043272e-05]","[1.341211e-05, 3.596252e-05, 0.00012226026, 3.626892e-05]","[4.5470748e-05, 5.70882e-05, 0.0003291472, 6.4492764e-05]","[1.3190709e-05, 3.671928e-05, 0.00012393206, 3.5887613e-05]","[3.83999e-05, 5.581649e-05, 0.00032748567, 6.443368e-05]","[3.7352027e-05, 3.0126863e-05, 0.00012902022, 2.718035e-05]"
unsat_dominating_80_1810_63476.cnf,"[0.0001747055004670983, 0.00016237620038737078, 0.0010871880993363447, 0.000361153700214345]","[0.00041514076, 0.0001961684, 0.00046756928, 0.00010472982]","[3.12169e-06, 2.63873e-06, 1.633198e-05, 2.5572203e-06]","[3.3034698e-06, 2.7377498e-06, 2.135773e-05, 2.6920998e-06]","[6.4916305e-05, 0.00011716366, 0.00041721956, 0.00013226477]","[3.34701e-06, 2.7917695e-06, 2.137576e-05, 2.7535402e-06]","[6.9400296e-05, 9.928712e-05, 0.00038494493, 0.00011113102]",
unsat_dominating_40_455_67184.cnf,"[3.3029899714165364e-05, 2.0614100139937364e-05, 0.0001968567001313204, 2.8069600011804142e-05]","[9.66859e-05, 7.305601e-05, 0.0002079821, 6.397404e-05]","[2.50159e-06, 2.0920002e-06, 1.3169729e-05, 2.0352202e-06]","[2.8099898e-06, 2.2661002e-06, 2.128994e-05, 2.2537802e-06]","[4.1419742e-05, 3.865151e-05, 0.00022017075, 4.9091042e-05]","[2.5201302e-06, 2.24982e-06, 2.1457168e-05, 2.14308e-06]","[3.9757197e-05, 3.8288512e-05, 0.00021922837, 4.9090886e-05]","[7.906239e-06, 1.146273e-05, 2.5553058e-05, 2.393452e-05]"
unsat_dominating_80_1810_67184.cnf,"[0.00010004639952967409, 0.00010453609975229483, 0.00044590270044864155, 0.00017486779943283183]","[0.00041018636, 0.00019390401, 0.00047352258, 0.00010650816]","[3.2644298e-06, 2.68733e-06, 1.66143e-05, 2.6609403e-06]","[3.3845597e-06, 2.8330098e-06, 2.151138e-05, 2.77938e-06]","[7.303948e-05, 8.1741484e-05, 0.0003542086, 9.066037e-05]","[3.5470998e-06, 2.8484098e-06, 2.176286e-05, 2.81773e-06]","[6.812028e-05, 0.000101044694, 0.0003860722, 0.00011143346]",
